,name,price,rating,review,url,Manufacturer,Asin
0,"        MOKOBARA Backpack 15.5"" Inch Laptop Backpack For Women (16 litres ) Improved (2022 - Model)       ","4,490",4.3 out of 5 stars,158 ratings,/sspa/click?ie=UTF8&spc=MTo2MjY3NzM3NjQwNTA5NDgxOjE2ODE5ODExMzU6c3BfYXRmOjIwMTE3Nzk1ODc0MTk4OjowOjo&url=%2FMOKOBARA-Backpack-Leather-Resistant-College%2Fdp%2FB0BR7QR4CF%2Fref%3Dsr_1_1_sspa%3Fcrid%3D2M096C61O4MLT%26keywords%3Dbags%26qid%3D1681981135%26sprefix%3Dba%252Caps%252C283%26sr%3D8-1-spons%26sp_csd%3Dd2lkZ2V0TmFtZT1zcF9hdGY%26psc%3D1%26smid%3DA2ZJIE4OXD710M,ManufacturerDesignedByMokobaraLifestylePrivateLimited,ASINB0BR7QR4CF
1,"        MOKOBARA The Overnighter Backpack 15.6"" Inch Laptop | Travel Backpack For Men And Women       ","7,999.",4.5 out of 5 stars,37 ratings,/sspa/click?ie=UTF8&spc=MTo2MjY3NzM3NjQwNTA5NDgxOjE2ODE5ODExMzU6c3BfYXRmOjIwMTE3Nzk1ODczMzk4OjowOjo&url=%2FMOKOBARA-Overnighter-Expandable-Resistant-Detachable%2Fdp%2FB0B7X2WB12%2Fref%3Dsr_1_2_sspa%3Fcrid%3D2M096C61O4MLT%26keywords%3Dbags%26qid%3D1681981135%26sprefix%3Dba%252Caps%252C283%26sr%3D8-2-spons%26sp_csd%3Dd2lkZ2V0TmFtZT1zcF9hdGY%26psc%3D1,ManufacturerDesignedByMokobaraLifestylePrivateLimited,ASINB0B7X2WB12
2,,,,,/American-Tourister-AMT-SCH-02/dp/B07CJCGM1M/ref=sr_1_3?crid=2M096C61O4MLT&keywords=bags&qid=1681981135&sprefix=ba%2Caps%2C283&sr=8-3,ManufacturerDesignedByMokobaraLifestylePrivateLimited,ASINB0B7X2WB12
3,        Skybags Brat Black 46 Cms Casual Backpack       ,669.,4.1 out of 5 stars,"4,142 ratings",/Skybags-Brat-Black-Casual-Backpack/dp/B08Z1HHHTD/ref=sr_1_4?crid=2M096C61O4MLT&keywords=bags&qid=1681981135&sprefix=ba%2Caps%2C283&sr=8-4,ManufacturerVIPIndustriesLtd,ASINB08Z1HHHTD
4,,,,,/Wesley-Milestone-Waterproof-Backpack-Business/dp/B084JGJ8PF/ref=sr_1_5?crid=2M096C61O4MLT&keywords=bags&qid=1681981135&sprefix=ba%2Caps%2C283&sr=8-5,ManufacturerVIPIndustriesLtd,ASINB08Z1HHHTD
5,,,,,/American-Tourister-AMT-SCH-02/dp/B07CJCGM1M/ref=sxin_16_in_ft_top_brands_non_branded_t1?content-id=amzn1.sym.96f246d6-ce72-46fc-883f-32ffe859766d%3Aamzn1.sym.96f246d6-ce72-46fc-883f-32ffe859766d&crid=2M096C61O4MLT&cv_ct_cx=bags&keywords=bags&pd_rd_i=B07CJCGM1M&pd_rd_r=07733a6b-c516-435e-8526-dd69a3350c91&pd_rd_w=ftin9&pd_rd_wg=HWuiA&pf_rd_p=96f246d6-ce72-46fc-883f-32ffe859766d&pf_rd_r=02DFAMJRCBAKV9YEAPJJ&qid=1681981135&sbo=RZvfv%2F%2FHxDF%2BO5021pAnSA%3D%3D&sprefix=ba%2Caps%2C283&sr=1-1-fa25b4f9-cd15-464b-8e7e-380c0a70e7f6,ManufacturerVIPIndustriesLtd,ASINB08Z1HHHTD
6,"        American Tourister VALEX BLUE LAPTOP BACKPACK 28 Ltrs,Volume, LAPTOP COMPARTMENT, BOTTLE POCKET, FRONT ORGANIZER       ","1,299",4.1 out of 5 stars,65 ratings,/American-Tourister-BACKPACK-COMPARTMENT-ORGANIZER/dp/B0BTD4FK9G/ref=sxin_16_in_ft_top_brands_non_branded_t1?content-id=amzn1.sym.96f246d6-ce72-46fc-883f-32ffe859766d%3Aamzn1.sym.96f246d6-ce72-46fc-883f-32ffe859766d&crid=2M096C61O4MLT&cv_ct_cx=bags&keywords=bags&pd_rd_i=B0BTD4FK9G&pd_rd_r=07733a6b-c516-435e-8526-dd69a3350c91&pd_rd_w=ftin9&pd_rd_wg=HWuiA&pf_rd_p=96f246d6-ce72-46fc-883f-32ffe859766d&pf_rd_r=02DFAMJRCBAKV9YEAPJJ&qid=1681981135&sbo=RZvfv%2F%2FHxDF%2BO5021pAnSA%3D%3D&sprefix=ba%2Caps%2C283&sr=1-2-fa25b4f9-cd15-464b-8e7e-380c0a70e7f6,ManufacturerEXPERTS,ASINB0BTD4FK9G
7,"        American Tourister VALEX BLACK LAPTOP BACKPACK 28 Ltrs,Volume, LAPTOP COMPARTMENT, BOTTLE POCKET, FRONT ORGANIZER       ","1,299",4.3 out of 5 stars,57 ratings,/American-Tourister-BACKPACK-COMPARTMENT-ORGANIZER/dp/B0BTD4S4XF/ref=sxin_16_in_ft_top_brands_non_branded_t1?content-id=amzn1.sym.96f246d6-ce72-46fc-883f-32ffe859766d%3Aamzn1.sym.96f246d6-ce72-46fc-883f-32ffe859766d&crid=2M096C61O4MLT&cv_ct_cx=bags&keywords=bags&pd_rd_i=B0BTD4S4XF&pd_rd_r=07733a6b-c516-435e-8526-dd69a3350c91&pd_rd_w=ftin9&pd_rd_wg=HWuiA&pf_rd_p=96f246d6-ce72-46fc-883f-32ffe859766d&pf_rd_r=02DFAMJRCBAKV9YEAPJJ&qid=1681981135&sbo=RZvfv%2F%2FHxDF%2BO5021pAnSA%3D%3D&sprefix=ba%2Caps%2C283&sr=1-3-fa25b4f9-cd15-464b-8e7e-380c0a70e7f6,ManufacturerEXPERTS,ASINB0BTD4S4XF
8,        American Tourister Casual Backpack       ,"1,249",4.1 out of 5 stars,"14,725 ratings",/American-Tourister-AMT-SCH-BAG01/dp/B07CJCFNZG/ref=sxin_16_in_ft_top_brands_non_branded_t1?content-id=amzn1.sym.96f246d6-ce72-46fc-883f-32ffe859766d%3Aamzn1.sym.96f246d6-ce72-46fc-883f-32ffe859766d&crid=2M096C61O4MLT&cv_ct_cx=bags&keywords=bags&pd_rd_i=B07CJCFNZG&pd_rd_r=07733a6b-c516-435e-8526-dd69a3350c91&pd_rd_w=ftin9&pd_rd_wg=HWuiA&pf_rd_p=96f246d6-ce72-46fc-883f-32ffe859766d&pf_rd_r=02DFAMJRCBAKV9YEAPJJ&qid=1681981135&sbo=EO%2BcdOgoisx3waG5xqcZQA%3D%3D&sprefix=ba%2Caps%2C283&sr=1-4-fa25b4f9-cd15-464b-8e7e-380c0a70e7f6,DateFirstAvailable18April2018,ManufacturerSamsonite
9,        American Tourister polyester 22 Cms Duffle Bag(At Duffle Icy Blue_Blue)       ,"2,118.",4.8 out of 5 stars,40 ratings,/American-Tourister-Capella-Travel-01004/dp/B09B79LQFM/ref=sxin_16_in_ft_top_brands_non_branded_t1?content-id=amzn1.sym.96f246d6-ce72-46fc-883f-32ffe859766d%3Aamzn1.sym.96f246d6-ce72-46fc-883f-32ffe859766d&crid=2M096C61O4MLT&cv_ct_cx=bags&keywords=bags&pd_rd_i=B09B79LQFM&pd_rd_r=07733a6b-c516-435e-8526-dd69a3350c91&pd_rd_w=ftin9&pd_rd_wg=HWuiA&pf_rd_p=96f246d6-ce72-46fc-883f-32ffe859766d&pf_rd_r=02DFAMJRCBAKV9YEAPJJ&qid=1681981135&sbo=RZvfv%2F%2FHxDF%2BO5021pAnSA%3D%3D&sprefix=ba%2Caps%2C283&sr=1-5-fa25b4f9-cd15-464b-8e7e-380c0a70e7f6,ManufacturerAMERICANTOURISTER,ASINB09B79LQFM
10,,,,,/sspa/click?ie=UTF8&spc=MTo2MTk1MTQ0MzUyMzE3MzU1OjE2ODE5ODExNDU6c3BfYXRmX25leHQ6MjAxMTM4MzEzMzMxOTg6OjA6Og&url=%2FHEROZ-Hammer-Durable-Travel-Laptop%2Fdp%2FB07MG3F91S%2Fref%3Dsr_1_17_sspa%3Fcrid%3D2M096C61O4MLT%26keywords%3Dbags%26qid%3D1681981145%26sprefix%3Dba%252Caps%252C283%26sr%3D8-17-spons%26sp_csd%3Dd2lkZ2V0TmFtZT1zcF9hdGZfbmV4dA%26psc%3D1,ManufacturerAMERICANTOURISTER,ASINB09B79LQFM
11,"        Half Moon Vision Water Resistant 15.6 inch Laptop Bag for Men/Backpack for Men, Blue | Office Bag for Men/Office Bag for Women with Padded Laptop Compartment |       ",509,4.2 out of 5 stars,12 ratings,/sspa/click?ie=UTF8&spc=MTo2MTk1MTQ0MzUyMzE3MzU1OjE2ODE5ODExNDU6c3BfYXRmX25leHQ6MjAxMzIwNzU1MjA2OTg6OjA6Og&url=%2FHalf-Moon-Resistant-Backpack-Compartment%2Fdp%2FB0BYW5SH4L%2Fref%3Dsr_1_18_sspa%3Fcrid%3D2M096C61O4MLT%26keywords%3Dbags%26qid%3D1681981145%26sprefix%3Dba%252Caps%252C283%26sr%3D8-18-spons%26sp_csd%3Dd2lkZ2V0TmFtZT1zcF9hdGZfbmV4dA%26psc%3D1,ManufacturerHalf_Moon,ASINB0BYW5SH4L
12,        DEIN KLEIDER Men's Nylon Messenger Bag       ,349.,4.0 out of 5 stars,"4,707 ratings",/Kleider-Travel-Business-Messenger-Shoulder/dp/B084ZHP97M/ref=sr_1_19?crid=2M096C61O4MLT&keywords=bags&qid=1681981145&sprefix=ba%2Caps%2C283&sr=8-19,ASINB084ZHP97M,ItempartnumberDK01CSPHYP
13,        Wesley Spartan Unisex Travel Hiking Laptop Bag fits Upto 17.3 inch with Raincover and Internal Organiser Backpack Rucksack College Bag       ,728,4.1 out of 5 stars,"1,155 ratings",/Wesley-Spartan-Hiking-Raincover-Organiser/dp/B098QFF5TJ/ref=sr_1_20?crid=2M096C61O4MLT&keywords=bags&qid=1681981145&sprefix=ba%2Caps%2C283&sr=8-20,ManufacturerWesley,ASINB098QFF5TJ
14,        URBAN CARRIER School Bag For girls school bags for boys Class 5-10 Large 4 partition 45 L Laptop Collage Office Travel Unisex Backpack       ,395,3.7 out of 5 stars,542 ratings,/School-school-partition-Collage-Backpack/dp/B09NNYCQ1Q/ref=sr_1_21?crid=2M096C61O4MLT&keywords=bags&qid=1681981145&sprefix=ba%2Caps%2C283&sr=8-21,ManufacturerURBANCARRIER,ASINB09NNYCQ1Q
15,,,,,https://aax-eu.amazon.in/x/c/RII3_btfxUv6Q59iVX18EnsAAAGHneOBvAMAAAH2AQBvbm9fdHhuX2JpZDEgICBvbm9fdHhuX2ltcDEgICA7rT6R/https://www.amazon.in/Sirona-Sanitary-Napkin-Diapers-Disposal/dp/B01NAZVN8M/ref=sxin_16_sbv_search_btf?content-id=amzn1.sym.93240040-7510-4cf9-a1aa-e295d190738a%3Aamzn1.sym.93240040-7510-4cf9-a1aa-e295d190738a&crid=2M096C61O4MLT&cv_ct_cx=bags&keywords=bags&pd_rd_i=B01NAZVN8M&pd_rd_r=f6802e74-3d91-4883-a1bf-66221753ae63&pd_rd_w=bwVNh&pd_rd_wg=jQSUI&pf_rd_p=93240040-7510-4cf9-a1aa-e295d190738a&pf_rd_r=VYB62PE22KNH6C1R0P3Q&qid=1681981145&sbo=RZvfv%2F%2FHxDF%2BO5021pAnSA%3D%3D&sprefix=ba%2Caps%2C283&sr=1-17-69854b2b-eed5-48c0-8a3b-ed25f92e9cd8,ManufacturerURBANCARRIER,ASINB09NNYCQ1Q
16,"        FUR JADEN Anti Theft Number Lock Backpack Bag with 15.6 Inch Laptop Compartment, USB Charging Port & Organizer Pocket for Men Women Boys Girls       ",649.,3.9 out of 5 stars,"3,501 ratings",/Number-Backpack-Compartment-Charging-Organizer/dp/B09VTCNN75/ref=sr_1_22?crid=2M096C61O4MLT&keywords=bags&qid=1681981145&sprefix=ba%2Caps%2C283&sr=8-22,ManufacturerFURJADEN,ASINB09VTCNN75
17,,,,,/Gear-Black-Laptop-Backpack-LBPASPIRE0104/dp/B075MK4TXP/ref=sr_1_23?crid=2M096C61O4MLT&keywords=bags&qid=1681981145&sprefix=ba%2Caps%2C283&sr=8-23,ManufacturerFURJADEN,ASINB09VTCNN75
18,        Northzone Casual Waterproof Laptop Backpack/Office Bag/School Bag/College Bag/Business Bag/Travel Backpack (Dimensions:13x18 inches) (Compatible with 39.62cm(15.6inch laptop) 30 L       ,549.,3.9 out of 5 stars,182 ratings,/Northzone-Waterproof-Backpack-Business-Dimensions/dp/B0BS6QQZYN/ref=sr_1_24?crid=2M096C61O4MLT&keywords=bags&qid=1681981145&sprefix=ba%2Caps%2C283&sr=8-24,ManufacturerSHABABAGS,ASINB0BS6QQZYN
19,        Bagneeds Men's Black Synthetic Leather Briefcase Best Laptop Messenger Bag Satchel for Men       ,545,4.1 out of 5 stars,"4,046 ratings",/Bagneeds-Synthetic-Leather-Briefcase-Messenger/dp/B0855F8174/ref=sr_1_25?crid=2M096C61O4MLT&keywords=bags&qid=1681981145&sprefix=ba%2Caps%2C283&sr=8-25,ManufacturerBagneeds,ASINB0855F8174
20,"        Half Moon Vision Water Resistant 15.6 inch Laptop Bag for Men/Backpack for Men, Blue | Office Bag for Men/Office Bag for Women with Padded Laptop Compartment |       ",509.,4.2 out of 5 stars,12 ratings,/sspa/click?ie=UTF8&spc=MTo3NzcxNDQ1NzQ5Mjc4MDg3OjE2ODE5ODExNjA6c3BfYXRmX25leHQ6MjAxMzIwNzU1MjA2OTg6OjA6Og&url=%2FHalf-Moon-Resistant-Backpack-Compartment%2Fdp%2FB0BYW5SH4L%2Fref%3Dsr_1_33_sspa%3Fcrid%3D2M096C61O4MLT%26keywords%3Dbags%26qid%3D1681981160%26sprefix%3Dba%252Caps%252C283%26sr%3D8-33-spons%26sp_csd%3Dd2lkZ2V0TmFtZT1zcF9hdGZfbmV4dA%26psc%3D1,ManufacturerHalf_Moon,ASINB0BYW5SH4L
21,"        uppercase Medium 17 Ltrs Vegan Leather (upto 14 inch) Laptop Backpack 2300EBP1 3x more water resistant sustainable bags with rain proof zippers for Men, Women, Boys and Girls, 750 Days warranty       ","1,600.",4.1 out of 5 stars,401 ratings,/sspa/click?ie=UTF8&spc=MTo3NzcxNDQ1NzQ5Mjc4MDg3OjE2ODE5ODExNjA6c3BfYXRmX25leHQ6MjAxMjQzMTEwMjQ4OTg6OjA6Og&url=%2Fuppercase-Backpack-2300EBP1-resistant-sustainable%2Fdp%2FB0BWNCV31F%2Fref%3Dsr_1_34_sspa%3Fcrid%3D2M096C61O4MLT%26keywords%3Dbags%26qid%3D1681981160%26sprefix%3Dba%252Caps%252C283%26sr%3D8-34-spons%26sp_csd%3Dd2lkZ2V0TmFtZT1zcF9hdGZfbmV4dA%26psc%3D1,ManufacturerAcefourAccessoriesPvtLtd,ASINB0BWNCV31F
22,        Gear Vintage2 Anti Theft Faux Leather 18 cms Tan Laptop Backpack       ,990.,4.4 out of 5 stars,"1,516 ratings",/Gear-Vintage2-Leather-Backpack-LBPVG2LTH1901/dp/B07G4F3758/ref=sr_1_35?crid=2M096C61O4MLT&keywords=bags&qid=1681981160&sprefix=ba%2Caps%2C283&sr=8-35,ManufacturerGear,ASINB07G4F3758
23,        Zipline Unisex Casual Polyester 36 L Backpack School Bag Women Men Boys Girls Children Daypack College Bag Book School Sports Bag       ,843,3.7 out of 5 stars,777 ratings,/Zipline-Nexa-Resistant-Bagpack-Backpack/dp/B08WQ668WJ/ref=sr_1_36?crid=2M096C61O4MLT&keywords=bags&qid=1681981160&sprefix=ba%2Caps%2C283&sr=8-36,ManufacturerAtulituAgency,ASINB08WQ668WJ
24,"        Genie Glitter Backpack for Women - 3 compartments, Laptop Bags for Girls, Stylish and Trendy College Backpacks for Girls, Water Resistant and Lightweight Bags for Office and Travelling Purpose.       ","1,049",4.3 out of 5 stars,516 ratings,/Genie-Glitter-Backpack-Women-compartments/dp/B097JHQH13/ref=sr_1_37?crid=2M096C61O4MLT&keywords=bags&qid=1681981160&sprefix=ba%2Caps%2C283&sr=8-37,ManufacturerSafari,ASINB097JHQH13
25,,,,,/Nivia-5183-Polyester-Duffle-Medium/dp/B071KNXQ7Y/ref=sr_1_38?crid=2M096C61O4MLT&keywords=bags&qid=1681981160&sprefix=ba%2Caps%2C283&sr=8-38,ManufacturerSafari,ASINB097JHQH13
26,"        Lenovo 15.6"" Professional Backpack, Made in India, Water-resistant,Uncompromised storage, Travel friendly:Fleece-lined PC compartment,Vented,Padded BackPanel & Adjustable shoulder straps,Luggage strap       ",999.,4.2 out of 5 stars,727 ratings,/Lenovo-Professional-Backpack-Water-resistant-Uncompromised/dp/B08R7S55H4/ref=sr_1_39?crid=2M096C61O4MLT&keywords=bags&qid=1681981160&sprefix=ba%2Caps%2C283&sr=8-39,ManufacturerLenovo,ASINB08R7S55H4
27,"        TRUE HUMAN® Emperor Anti-Theft Pocket backpack With USB charging Port Laptop,office,college,travel bag for men and women(Epower)       ",649.,3.8 out of 5 stars,6 ratings,/TRUE-Emperor-Anti-Theft-backpack-charging/dp/B0BYB631NR/ref=sr_1_40?crid=2M096C61O4MLT&keywords=bags&qid=1681981160&sprefix=ba%2Caps%2C283&sr=8-40,ManufacturerRamaluxurystore,ASINB0BYB631NR
28,        Zipline Unisex casual polyester 36 L Backpack School Bag Women Men Boys Girls children Daypack College Bag Book School Sports Bag Weekend Bag       ,751,4.0 out of 5 stars,"5,311 ratings",/ZIPLINE-Polyester-Backpack-Children-Daypack/dp/B07XVMVV77/ref=sr_1_41?crid=2M096C61O4MLT&keywords=bags&qid=1681981160&sprefix=ba%2Caps%2C283&sr=8-41,ManufacturerAtulituAgency,ASINB07XVMVV77
29,        Half Moon Large 37L Laptop Bag Backpack for menं Women Boys and Girls Luggage Travel Bags with 17.3 inches Laptop Compartment & Rain Cover       ,679.,3.9 out of 5 stars,"2,539 ratings",/Half-Moon-Resistant-Backpack-Compartment/dp/B0BJ32LQ6X/ref=sr_1_42?crid=2M096C61O4MLT&keywords=bags&qid=1681981160&sprefix=ba%2Caps%2C283&sr=8-42,ManufacturerAmazingBags,ASINB0BJ32LQ6X
30,,,,,/sspa/click?ie=UTF8&spc=MToxNDY2ODk0NDAyNjAzMDAxOjE2ODE5ODExNzY6c3BfYXRmX25leHQ6MjAxMzY4NDcxNTQwOTg6OjA6Og&url=%2FLOOKMUSTER-Waterproof-Backpack-College-Business%2Fdp%2FB0BZW8KW18%2Fref%3Dsr_1_49_sspa%3Fcrid%3D2M096C61O4MLT%26keywords%3Dbags%26qid%3D1681981176%26sprefix%3Dba%252Caps%252C283%26sr%3D8-49-spons%26sp_csd%3Dd2lkZ2V0TmFtZT1zcF9hdGZfbmV4dA%26psc%3D1,ManufacturerAmazingBags,ASINB0BJ32LQ6X
31,"        Half Moon Vision Water Resistant 15.6 inch Laptop Bag for Men/Backpack for Men, Blue | Office Bag for Men/Office Bag for Women with Padded Laptop Compartment |       ",509.,4.2 out of 5 stars,12 ratings,/sspa/click?ie=UTF8&spc=MToxNDY2ODk0NDAyNjAzMDAxOjE2ODE5ODExNzY6c3BfYXRmX25leHQ6MjAxMzIwNzU1MjA2OTg6OjA6Og&url=%2FHalf-Moon-Resistant-Backpack-Compartment%2Fdp%2FB0BYW5SH4L%2Fref%3Dsr_1_50_sspa%3Fcrid%3D2M096C61O4MLT%26keywords%3Dbags%26qid%3D1681981176%26sprefix%3Dba%252Caps%252C283%26sr%3D8-50-spons%26sp_csd%3Dd2lkZ2V0TmFtZT1zcF9hdGZfbmV4dA%26psc%3D1,ManufacturerHalf_Moon,ASINB0BYW5SH4L
32,"        Safari Spartan 21 Ltrs Water Resistant Backpack - Teal, S (SPARTAN19CBTEA)       ",599,3.8 out of 5 stars,687 ratings,/Safari-Spartan-Water-Resistant-Backpack/dp/B09B277CR5/ref=sr_1_51?crid=2M096C61O4MLT&keywords=bags&qid=1681981176&sprefix=ba%2Caps%2C283&sr=8-51,ManufacturerSafariIndustries,ASINB09B277CR5
33,        Arctic Fox 15 Liters Draw String Bag Lavender Backpack       ,229.,4.3 out of 5 stars,"3,054 ratings",/Arctic-Fox-Liters-String-Backpack/dp/B08L6Q9V1H/ref=sr_1_52?crid=2M096C61O4MLT&keywords=bags&qid=1681981176&sprefix=ba%2Caps%2C283&sr=8-52,ManufacturerArcticFox,ASINB08L6Q9V1H
34,,,,,/FATMUG-Laptop-Bag-Men-Convertible/dp/B084LF4RT5/ref=sr_1_53?crid=2M096C61O4MLT&keywords=bags&qid=1681981176&sprefix=ba%2Caps%2C283&sr=8-53,ManufacturerArcticFox,ASINB08L6Q9V1H
35,,,,,https://aax-eu.amazon.in/x/c/RChuoRB1k7u9EeNJkdC-zOAAAAGHneP7KwMAAAH2AQBvbm9fdHhuX2JpZDEgICBvbm9fdHhuX2ltcDEgICAvBgQA/https://www.amazon.in/Sirona-Sanitary-Napkin-Diapers-Disposal/dp/B01NAZVN8M/ref=sxin_16_sbv_search_btf?content-id=amzn1.sym.93240040-7510-4cf9-a1aa-e295d190738a%3Aamzn1.sym.93240040-7510-4cf9-a1aa-e295d190738a&crid=2M096C61O4MLT&cv_ct_cx=bags&keywords=bags&pd_rd_i=B01NAZVN8M&pd_rd_r=41ad3f7b-4588-4310-a270-d5d1bf2fc017&pd_rd_w=fvLAs&pd_rd_wg=ut9n6&pf_rd_p=93240040-7510-4cf9-a1aa-e295d190738a&pf_rd_r=KNFQD7M160KD4JBVBF14&qid=1681981176&sbo=RZvfv%2F%2FHxDF%2BO5021pAnSA%3D%3D&sprefix=ba%2Caps%2C283&sr=1-49-69854b2b-eed5-48c0-8a3b-ed25f92e9cd8,ManufacturerArcticFox,ASINB08L6Q9V1H
36,        F Gear Raider 30 Liter Backpack with Rain Cover (.Marpat Navy Digital Camo)       ,792.,4.2 out of 5 stars,"2,948 ratings",/F-Gear-Raider-Marpat-Navy-Backpack/dp/B07F1157TV/ref=sr_1_54?crid=2M096C61O4MLT&keywords=bags&qid=1681981176&sprefix=ba%2Caps%2C283&sr=8-54,DateFirstAvailable24June2018,ManufacturerUberFashionMerchandisePvtLtd
37,,,,,/Step-Backpack-Small-Water-Repellant/dp/B088XG77KN/ref=sr_1_55?crid=2M096C61O4MLT&keywords=bags&qid=1681981176&sprefix=ba%2Caps%2C283&sr=8-55,DateFirstAvailable24June2018,ManufacturerUberFashionMerchandisePvtLtd
38,        Gear Vintage2 28L Faux Leather Water Resistant Anti Theft Laptop Bag/Backpack for Men/Women-Brown       ,990.,4.4 out of 5 stars,"4,019 ratings",/Gear-Vintage2-Leather-Backpack-LBPVG2LTH0201/dp/B07G4D13L7/ref=sr_1_56?crid=2M096C61O4MLT&keywords=bags&qid=1681981176&sprefix=ba%2Caps%2C283&sr=8-56,ManufacturerGearMerchandisePVTLTD,ASINB07G4D13L7
39,        F Gear Luxur Brown 25 liter Laptop Backpack (2404)       ,999.,4.4 out of 5 stars,"16,594 ratings",/F-Gear-Luxur-Brown-Backpack/dp/B01F7AX9ZA/ref=sr_1_57?crid=2M096C61O4MLT&keywords=bags&qid=1681981176&sprefix=ba%2Caps%2C283&sr=8-57,DateFirstAvailable15September2015,ManufacturerUberFashionMerchandisePvtLtd
40,,,,,/sspa/click?ie=UTF8&spc=MTo0ODI5ODk5NDY5OTg0OTA0OjE2ODE5ODExODU6c3BfYXRmX25leHQ6MjAxMzY4NDcxNTQwOTg6OjA6Og&url=%2FLOOKMUSTER-Waterproof-Backpack-College-Business%2Fdp%2FB0BZW8KW18%2Fref%3Dsr_1_65_sspa%3Fcrid%3D2M096C61O4MLT%26keywords%3Dbags%26qid%3D1681981185%26sprefix%3Dba%252Caps%252C283%26sr%3D8-65-spons%26sp_csd%3Dd2lkZ2V0TmFtZT1zcF9hdGZfbmV4dA%26psc%3D1,DateFirstAvailable15September2015,ManufacturerUberFashionMerchandisePvtLtd
41,"        Half Moon Vision Water Resistant 15.6 inch Laptop Bag for Men/Backpack for Men, Blue | Office Bag for Men/Office Bag for Women with Padded Laptop Compartment |       ",509,4.2 out of 5 stars,12 ratings,/sspa/click?ie=UTF8&spc=MTo0ODI5ODk5NDY5OTg0OTA0OjE2ODE5ODExODU6c3BfYXRmX25leHQ6MjAxMzIwNzU1MjA2OTg6OjA6Og&url=%2FHalf-Moon-Resistant-Backpack-Compartment%2Fdp%2FB0BYW5SH4L%2Fref%3Dsr_1_66_sspa%3Fcrid%3D2M096C61O4MLT%26keywords%3Dbags%26qid%3D1681981185%26sprefix%3Dba%252Caps%252C283%26sr%3D8-66-spons%26sp_csd%3Dd2lkZ2V0TmFtZT1zcF9hdGZfbmV4dA%26psc%3D1,ManufacturerHalf_Moon,ASINB0BYW5SH4L
42,        Gear Moderneco5 21L Water Resistant School Bag/Backpack/College Bag For Men/Women - Navyblue       ,439.,3.9 out of 5 stars,"2,565 ratings",/Gear-Ltrs-Casual-Backpack-MDBKPECO50504/dp/B0757K36YV/ref=sr_1_67?crid=2M096C61O4MLT&keywords=bags&qid=1681981185&sprefix=ba%2Caps%2C283&sr=8-67,ManufacturerGearMerchandisePVTLTD,ASINB0757K36YV
43,        F Gear Luxur Brown 25 liter Laptop Backpack (2404)       ,999.,4.4 out of 5 stars,"16,594 ratings",/F-Gear-Luxur-Brown-Backpack/dp/B01F7AX9ZA/ref=sr_1_68?crid=2M096C61O4MLT&keywords=bags&qid=1681981185&sprefix=ba%2Caps%2C283&sr=8-68,DateFirstAvailable15September2015,ManufacturerUberFashionMerchandisePvtLtd
44,        ADISA Light Weight Laptop Backpack 32 Ltrs       ,499,4.0 out of 5 stars,"5,757 ratings",/ADISA-BP005-Weight-Casual-Backpack/dp/B07F3X45WZ/ref=sr_1_69?crid=2M096C61O4MLT&keywords=bags&qid=1681981185&sprefix=ba%2Caps%2C283&sr=8-69,ManufacturerADISA,ASINB07F3X45WZ
45,        TRUE HUMAN Anti-Theft and USB charging port backpack with security lock Laptop bag|office bag| for men and women (Grey)       ,585,3.8 out of 5 stars,"1,737 ratings",/TRUE-HUMAN-Anti-Theft-charging-combination/dp/B09H7PK5ML/ref=sr_1_70?crid=2M096C61O4MLT&keywords=bags&qid=1681981185&sprefix=ba%2Caps%2C283&sr=8-70,Manufacturer1,ASINB09H7PK5ML
46,        Arctic Fox Slope Anti Theft 23 L Backpack with USB Charging Port 15 Inch Laptop Backpack (Marble Black)       ,"1,439.",4.5 out of 5 stars,"1,111 ratings",/Arctic-Fox-Backpack-Charging-Laptop/dp/B089QBD333/ref=sr_1_71?crid=2M096C61O4MLT&keywords=bags&qid=1681981185&sprefix=ba%2Caps%2C283&sr=8-71,ManufacturerArcticFox,ASINB089QBD333
47,,,,,/HEROZ-Backpack-Resistant-Computer-17-3-inch/dp/B083N53TWB/ref=sr_1_72?crid=2M096C61O4MLT&keywords=bags&qid=1681981185&sprefix=ba%2Caps%2C283&sr=8-72,ManufacturerArcticFox,ASINB089QBD333
48,,,,,/BP1501-15-6-inch-Gaming-Laptop-Backpack/dp/B081RLHHCY/ref=sr_1_73?crid=2M096C61O4MLT&keywords=bags&qid=1681981185&sprefix=ba%2Caps%2C283&sr=8-73,ManufacturerArcticFox,ASINB089QBD333
49,        Trajectory 15.6 Inch Vegan Leather Messenger Laptop bag for men in Office for all laptop like Apple MacBook with 2 Years Warranty and Spacious Multiple Compartment with Expandable Bottom Used as Shoulder and Handbag for Men       ,"1,399.",4.2 out of 5 stars,357 ratings,/Trajectory-Elegant-15-6-Laptop-Office/dp/B09RK6NCGC/ref=sr_1_74?crid=2M096C61O4MLT&keywords=bags&qid=1681981185&sprefix=ba%2Caps%2C283&sr=8-74,ManufacturerTrajectoryMarketingLLP,ASINB09RK6NCGC
50,"        Half Moon Vision Water Resistant 15.6 inch Laptop Bag for Men/Backpack for Men, Blue | Office Bag for Men/Office Bag for Women with Padded Laptop Compartment |       ",509,4.2 out of 5 stars,12 ratings,/sspa/click?ie=UTF8&spc=MTo3ODM2MTI0MzU5ODA3NTAwOjE2ODE5ODExOTM6c3BfYXRmX25leHQ6MjAxMzIwNzU1MjA2OTg6OjA6Og&url=%2FHalf-Moon-Resistant-Backpack-Compartment%2Fdp%2FB0BYW5SH4L%2Fref%3Dsr_1_81_sspa%3Fcrid%3D2M096C61O4MLT%26keywords%3Dbags%26qid%3D1681981193%26sprefix%3Dba%252Caps%252C283%26sr%3D8-81-spons%26sp_csd%3Dd2lkZ2V0TmFtZT1zcF9hdGZfbmV4dA%26psc%3D1,ManufacturerHalf_Moon,ASINB0BYW5SH4L
51,"        uppercase Medium 23 Ltrs Tall Boy (14.6 inch) Laptop Backpack 2500EBP1 3x more water resistant sustainable bag with rain proof zippers for Men, Women, Boys and Girls, 750 Days warranty       ","1,700.",4.0 out of 5 stars,207 ratings,/sspa/click?ie=UTF8&spc=MTo3ODM2MTI0MzU5ODA3NTAwOjE2ODE5ODExOTM6c3BfYXRmX25leHQ6MjAwNjU1MzM2ODQ2OTg6OjA6Og&url=%2FPOLICE-ltrs-cms-backpack-PTO020008_1_black%2Fdp%2FB0B81YTTWS%2Fref%3Dsr_1_82_sspa%3Fcrid%3D2M096C61O4MLT%26keywords%3Dbags%26qid%3D1681981193%26sprefix%3Dba%252Caps%252C283%26sr%3D8-82-spons%26sp_csd%3Dd2lkZ2V0TmFtZT1zcF9hdGZfbmV4dA%26psc%3D1,ManufacturerAcefourAccessoriesPvtLtd,ASINB0B81YTTWS
52,,,,,/Amazon-Brand-Backpack-15-6-inch-Laptops/dp/B076QFBFRG/ref=sr_1_83?crid=2M096C61O4MLT&keywords=bags&qid=1681981193&sprefix=ba%2Caps%2C283&sr=8-83,ManufacturerAcefourAccessoriesPvtLtd,ASINB0B81YTTWS
53,        TRAWOC 80L Travel Backpack for Outdoor Sport Camp Hiking Trekking Bag Camping Rucksack HK007 (PARENT) 1 Year Warranty       ,"2,380.",4.4 out of 5 stars,"7,070 ratings",/TRAWOC-Backpack-Trekking-Rucksack-Warranty/dp/B0847PGZZM/ref=sr_1_84?crid=2M096C61O4MLT&keywords=bags&qid=1681981193&sprefix=ba%2Caps%2C283&sr=8-84,ManufacturerTRAWOC,ASINB0847PGZZM
54,        Skybags Polypropylene 46 Cms Travel Bag(DFACN1BLU_Blue)       ,488.,3.7 out of 5 stars,96 ratings,/Skybags-Polypropylene-Cms-Travel-DFACN1BLU_Blue/dp/B0B6CH21F9/ref=sr_1_85?crid=2M096C61O4MLT&keywords=bags&qid=1681981193&sprefix=ba%2Caps%2C283&sr=8-85,ManufacturerVIPIndustriesLtdDGPHouse5thFloor88COldPrabhadeviRoadMumbai400025,ASINB0B6CH21F9
55,        DZert Clasy Laptop Bag College Bag for Boys Girls 21 L Blue White       ,299.,3.8 out of 5 stars,"2,350 ratings",/DZert-School-Polyester-Backpack-White/dp/B07GXYHFCY/ref=sr_1_86?crid=2M096C61O4MLT&keywords=bags&qid=1681981193&sprefix=ba%2Caps%2C283&sr=8-86,DateFirstAvailable28August2018,ManufacturerRushiEnterprise
56,"        Veneer Medium 20 L Laptop Backpack Men Womens Girls Fashion PU Leather Mini Casual Backpack Bags for School, College, Tuition, Office Bag       ",899,4.2 out of 5 stars,869 ratings,/Veneer-Backpack-Fashion-Leather-College/dp/B09BMG8R6Y/ref=sr_1_87?crid=2M096C61O4MLT&keywords=bags&qid=1681981193&sprefix=ba%2Caps%2C283&sr=8-87,ManufacturerTHEHUTCHENTERPRISES,ASINB09BMG8R6Y
57,        NORTH ZONE Lightweight school bags Backpacks for Boys Girls Stylish men and women Casual Travel Laptop Bag College office       ,631,3.9 out of 5 stars,713 ratings,/NORTH-ZONE-Lightweight-Backpacks-Stylish/dp/B0BL3SPN16/ref=sr_1_88?crid=2M096C61O4MLT&keywords=bags&qid=1681981193&sprefix=ba%2Caps%2C283&sr=8-88,ManufacturerNorthzone,ASINB0BL3SPN16
58,,,,,/Storage-Disposable-Freezer-Feeding-Transparent/dp/B099ZVTNCP/ref=sr_1_89?crid=2M096C61O4MLT&keywords=bags&qid=1681981193&sprefix=ba%2Caps%2C283&sr=8-89,ManufacturerNorthzone,ASINB0BL3SPN16
59,        Lunar's Bingo - 48 L Laptop Office/School/Travel/Business Backpack Water Resistant - Fits Up to 15.6 Inch Laptop Notebook with 1 Year Warranty       ,899,3.9 out of 5 stars,"9,282 ratings",/Lunars-Bingo-Laptop-Resistant-48L/dp/B08YZ5XY31/ref=sr_1_90?crid=2M096C61O4MLT&keywords=bags&qid=1681981193&sprefix=ba%2Caps%2C283&sr=8-90,ManufacturerAkshayaRubbersHebbalIndustrialAreaMysore,ASINB08YZ5XY31
60,"        Half Moon Vision Water Resistant 15.6 inch Laptop Bag for Men/Backpack for Men, Blue | Office Bag for Men/Office Bag for Women with Padded Laptop Compartment |       ",509.,4.2 out of 5 stars,12 ratings,/sspa/click?ie=UTF8&spc=MToyMTU5MzMwNzEwOTUzMzc6MTY4MTk4MTIwNDpzcF9hdGZfbmV4dDoyMDEzMjA3NTUyMDY5ODo6MDo6&url=%2FHalf-Moon-Resistant-Backpack-Compartment%2Fdp%2FB0BYW5SH4L%2Fref%3Dsr_1_97_sspa%3Fcrid%3D2M096C61O4MLT%26keywords%3Dbags%26qid%3D1681981204%26sprefix%3Dba%252Caps%252C283%26sr%3D8-97-spons%26sp_csd%3Dd2lkZ2V0TmFtZT1zcF9hdGZfbmV4dA%26psc%3D1,ManufacturerHalf_Moon,ASINB0BYW5SH4L
61,"        uppercase Medium 17 Ltrs Vegan Leather (upto 14 inch) Laptop Backpack 2300EBP1 3x more water resistant sustainable bags with rain proof zippers for Men, Women, Boys and Girls, 750 Days warranty       ","1,600",4.1 out of 5 stars,401 ratings,/sspa/click?ie=UTF8&spc=MToyMTU5MzMwNzEwOTUzMzc6MTY4MTk4MTIwNDpzcF9hdGZfbmV4dDoyMDA2Mzc4NDQ1ODA5ODo6MDo6&url=%2Fuppercase-Backpack-2300EBP1-repellent-sustainable%2Fdp%2FB0B68Z3X7D%2Fref%3Dsr_1_98_sspa%3Fcrid%3D2M096C61O4MLT%26keywords%3Dbags%26qid%3D1681981204%26sprefix%3Dba%252Caps%252C283%26sr%3D8-98-spons%26sp_csd%3Dd2lkZ2V0TmFtZT1zcF9hdGZfbmV4dA%26psc%3D1,ManufacturerAcefourAccessoriesPvtLtd,ASINB0B68Z3X7D
62,        DZert Clasy Laptop Bag College Bag for Boys Girls 21 L Red Black       ,339.,3.8 out of 5 stars,"2,350 ratings",/DZert-Polyester-Black-White-Backpack/dp/B07GXX2BP3/ref=sr_1_99?crid=2M096C61O4MLT&keywords=bags&qid=1681981204&sprefix=ba%2Caps%2C283&sr=8-99,DateFirstAvailable28August2018,ManufacturerRushiEnterprise
63,"        HAMMONDS FLYCATCHER Genuine Leather Laptop Bag for Men/Office Bag for Men, Brown | Fits Upto 16 Inch Laptop/MacBook| Leather Bag with Shoulder Straps | Laptop Messenger Bag/Leather Bag for Men |       ","2,599.",4.3 out of 5 stars,"4,752 ratings",/HAMMONDS-FLYCATCHER-Genuine-Shoulder-Messenger/dp/B07P2TQH78/ref=sr_1_100?crid=2M096C61O4MLT&keywords=bags&qid=1681981204&sprefix=ba%2Caps%2C283&sr=8-100,ManufacturerHindustanFoam,ASINB07P2TQH78
64,        Comfabie Women's Fashion Backpack Purses Multipurpose Design Handbags and Shoulder Bag PU Leather Travel bag Vegan Leather Girl's Travel Casual Collage Backpack With Shoulder printed Straps       ,809.,3.7 out of 5 stars,68 ratings,/Comfabie-Backpack-Multipurpose-Handbags-Shoulder/dp/B0BNQJM7Q9/ref=sr_1_101?crid=2M096C61O4MLT&keywords=bags&qid=1681981204&sprefix=ba%2Caps%2C283&sr=8-101,ManufacturerPEEJAYINTERNATIONAL9667336656,ASINB0BNQJM7Q9
65,        Beauty Girls-1518 Polyester Floral printed Designer Stylish Waterproof School/Collage/Picknic Bag-Backpack For Girls & Women (32 Lit)       ,808,4.4 out of 5 stars,"1,016 ratings",/Girls-1518-Polyester-Designer-Waterproof-Bag-Backpack/dp/B08F9QYRZB/ref=sr_1_102?crid=2M096C61O4MLT&keywords=bags&qid=1681981204&sprefix=ba%2Caps%2C283&sr=8-102,ManufacturerShriSalasarEnterprises,ASINB08F9QYRZB
66,        Lavie Women's Broxa Flap Over Sling Bag | Ladies Purse Handbag       ,949.,4.1 out of 5 stars,"5,794 ratings",/Lavie-Broxa-Flap-Womens-Sling/dp/B08QTF8RPM/ref=sr_1_103?crid=2M096C61O4MLT&keywords=bags&qid=1681981204&sprefix=ba%2Caps%2C283&sr=8-103,ManufacturerBagzoneLifestylePvtLtd,ASINB08QTF8RPM
67,"        SABUZ BAG 15.6-inch Laptop Computer Briefcase,Water Resistant, Business Bag with Waterproof Zipper,Shoulder Bag Handbag,Compatible with laptop MacBook Notebook,for MeN&Women GREY       ",749.,3.7 out of 5 stars,232 ratings,/15-6-inch-Briefcase-Resistant-Waterproof-Compatible/dp/B0966F821Q/ref=sr_1_104?crid=2M096C61O4MLT&keywords=bags&qid=1681981204&sprefix=ba%2Caps%2C283&sr=8-104,ASINB0966F821Q,ItemmodelnumberLAPTOPBAGS
68,        Half Moon 30L Waterproof 15.6 inch Laptop Office School College Bag Backpack for Men Women Boys & Girls       ,559,3.7 out of 5 stars,350 ratings,/Half-Moon-Waterproof-Laptop-Backpack/dp/B09QM9N1B3/ref=sr_1_105?crid=2M096C61O4MLT&keywords=bags&qid=1681981204&sprefix=ba%2Caps%2C283&sr=8-105,ManufacturerHalf_Moon,ASINB09QM9N1B3
69,"        Half Moon Vision Water Resistant 15.6 inch Laptop Bag for Men/Backpack for Men, Blue | Office Bag for Men/Office Bag for Women with Padded Laptop Compartment |       ",509.,4.2 out of 5 stars,12 ratings,/Half-Moon-Resistant-Backpack-Compartment/dp/B0BYW5SH4L/ref=sr_1_106?crid=2M096C61O4MLT&keywords=bags&qid=1681981204&sprefix=ba%2Caps%2C283&sr=8-106,ManufacturerHalf_Moon,ASINB0BYW5SH4L
70,        HEROZ Hammer Unisex Nylon 35 L Travel Laptop Backpack Water Resistant Slim Durable Fits Up to 17.3 Inch Laptop Notebook (Black)       ,"1,139.",4.2 out of 5 stars,"1,105 ratings",/sspa/click?ie=UTF8&spc=MTo4MDQ4NDA5OTUxMDA0NTQ0OjE2ODE5ODEyMjA6c3BfYXRmX25leHQ6MjAxMTM2NDg1ODYwOTg6OjA6Og&url=%2FHEROZ-Backpack-Resistant-Durable-Notebook%2Fdp%2FB09B7KC93T%2Fref%3Dsr_1_113_sspa%3Fcrid%3D2M096C61O4MLT%26keywords%3Dbags%26qid%3D1681981220%26sprefix%3Dba%252Caps%252C283%26sr%3D8-113-spons%26sp_csd%3Dd2lkZ2V0TmFtZT1zcF9hdGZfbmV4dA%26psc%3D1,ManufacturerAHCreation,ASINB09B7KC93T
71,"        Half Moon Vision Water Resistant 15.6 inch Laptop Bag for Men/Backpack for Men, Blue | Office Bag for Men/Office Bag for Women with Padded Laptop Compartment |       ",509,4.2 out of 5 stars,12 ratings,/sspa/click?ie=UTF8&spc=MTo4MDQ4NDA5OTUxMDA0NTQ0OjE2ODE5ODEyMjA6c3BfYXRmX25leHQ6MjAxMzIwNzU1MjA2OTg6OjA6Og&url=%2FHalf-Moon-Resistant-Backpack-Compartment%2Fdp%2FB0BYW5SH4L%2Fref%3Dsr_1_114_sspa%3Fcrid%3D2M096C61O4MLT%26keywords%3Dbags%26qid%3D1681981220%26sprefix%3Dba%252Caps%252C283%26sr%3D8-114-spons%26sp_csd%3Dd2lkZ2V0TmFtZT1zcF9hdGZfbmV4dA%26psc%3D1,ManufacturerHalf_Moon,ASINB0BYW5SH4L
72,        ADISA Women Girls Floral Print Sling Bag       ,399,4.3 out of 5 stars,486 ratings,/ADISA-Women-Girls-Floral-SL5072-CRE_Cream/dp/B09B56BCXR/ref=sr_1_115?crid=2M096C61O4MLT&keywords=bags&qid=1681981220&sprefix=ba%2Caps%2C283&sr=8-115,ManufacturerADISA,ASINB09B56BCXR
73,        TRUE HUMAN® 32 Ltr Laptop Backpack for Men and Women| USB Port Travel Backpack|College Bags for Girls & Boys (Blue)       ,599,3.6 out of 5 stars,158 ratings,/TRUE-HUMAN%C2%AE-Laptop-Backpack-College/dp/B0BKTQ48D5/ref=sr_1_116?crid=2M096C61O4MLT&keywords=bags&qid=1681981220&sprefix=ba%2Caps%2C283&sr=8-116,Manufacturerramaluxurystore,ASINB0BKTQ48D5
74,        Gear Workspace 18L Water Resistant Laptop Bag/Backpack/Office Bag for Men/Women-Black       ,879,4.3 out of 5 stars,300 ratings,/Gear-Workspace-Briefcase-Black-Red-BKPWRPHYD0101/dp/B097KGL2M5/ref=sr_1_117?crid=2M096C61O4MLT&keywords=bags&qid=1681981220&sprefix=ba%2Caps%2C283&sr=8-117,ManufacturerGear,ASINB097KGL2M5
75,"        Lunar's V-Line Backpack for Men, Blue | 35L Water Resistant School Bags for Boys | Stylish, & Durable | College Bags for Men/College Bag for Girls | 1 Yr Warranty       ",799.,4.1 out of 5 stars,"2,453 ratings",/Lunars-V-Line-Resistant-Bagpack-College/dp/B08BP5CYDV/ref=sr_1_118?crid=2M096C61O4MLT&keywords=bags&qid=1681981220&sprefix=ba%2Caps%2C283&sr=8-118,ManufacturerLunars,ASINB08BP5CYDV
76,        Gear Campus1 22L Water Resistant School Bag/ College Bag/ Backpack For Men/Women-Black Royalblue       ,650,4.3 out of 5 stars,"3,892 ratings",/Gear-Black-Casual-Backpack-BKPCMPUS10110/dp/B00Z9427SK/ref=sr_1_119?crid=2M096C61O4MLT&keywords=bags&qid=1681981220&sprefix=ba%2Caps%2C283&sr=8-119,DateFirstAvailable9June2015,ManufacturerGearMerchandisePVTLTD
77,        F Gear Enzo Sports Waist Bag (.Black Blue)       ,192.,4.2 out of 5 stars,"1,145 ratings",/F-Gear-Enzo-Black-Blue-Waist-Bag/dp/B0862LXJYT/ref=sr_1_120?crid=2M096C61O4MLT&keywords=bags&qid=1681981220&sprefix=ba%2Caps%2C283&sr=8-120,ManufacturerUberFashionMerchandisePvtLtd,ASINB0862LXJYT
78,        Amaze Style 25 L Casual Waterproof 14 inch Laptop Bag/Backpack for Men Women Boys Girls/Office School College Teens & Students (C Green)       ,309.,4.0 out of 5 stars,10 ratings,/Casual-Waterproof-Backpack-College-Students/dp/B0928L37P5/ref=sr_1_121?crid=2M096C61O4MLT&keywords=bags&qid=1681981220&sprefix=ba%2Caps%2C283&sr=8-121,ASINB0928L37P5,ItempartnumberMoonRed
79,        Lavie Sport Mode Gear 30 Litres Business Laptop Backpack | Premium Leather Business Backpacks for Men & Women | Durable Office Bag for Notebook/MacBook       ,999,3.7 out of 5 stars,20 ratings,/Lavie-Sport-Business-Backpack-Backpacks/dp/B0BQMTLDGY/ref=sr_1_122?crid=2M096C61O4MLT&keywords=bags&qid=1681981220&sprefix=ba%2Caps%2C283&sr=8-122,ManufacturerBagzoneLifestylePvtLtd,ASINB0BQMTLDGY
80,        HEROZ Hammer Unisex Nylon 35 L Travel Laptop Backpack Water Resistant Slim Durable Fits Up to 17.3 Inch Laptop Notebook (Black)       ,"1,139.",4.2 out of 5 stars,"1,105 ratings",/sspa/click?ie=UTF8&spc=MTo5NzA1MzQ0NDYxNDYzNzI6MTY4MTk4MTIzMzpzcF9hdGZfbmV4dDoyMDExMzY0ODU4NjA5ODo6MDo6&url=%2FHEROZ-Backpack-Resistant-Durable-Notebook%2Fdp%2FB09B7KC93T%2Fref%3Dsr_1_129_sspa%3Fcrid%3D2M096C61O4MLT%26keywords%3Dbags%26qid%3D1681981233%26sprefix%3Dba%252Caps%252C283%26sr%3D8-129-spons%26sp_csd%3Dd2lkZ2V0TmFtZT1zcF9hdGZfbmV4dA%26psc%3D1,ManufacturerAHCreation,ASINB09B7KC93T
81,"        uppercase Medium 23 Ltrs Tall Boy (14.6 inch) Laptop Backpack 2500EBP1 3x more water resistant sustainable bag with rain proof zippers for Men, Women, Boys and Girls, 750 Days warranty       ","1,700",4.0 out of 5 stars,207 ratings,/sspa/click?ie=UTF8&spc=MTo5NzA1MzQ0NDYxNDYzNzI6MTY4MTk4MTIzMzpzcF9hdGZfbmV4dDoyMDA2NTUzMzY4NDY5ODo6MDo6&url=%2FPOLICE-ltrs-cms-backpack-PTO020008_1_black%2Fdp%2FB0B81YTTWS%2Fref%3Dsr_1_130_sspa%3Fcrid%3D2M096C61O4MLT%26keywords%3Dbags%26qid%3D1681981233%26sprefix%3Dba%252Caps%252C283%26sr%3D8-130-spons%26sp_csd%3Dd2lkZ2V0TmFtZT1zcF9hdGZfbmV4dA%26psc%3D1,ManufacturerAcefourAccessoriesPvtLtd,ASINB0B81YTTWS
82,        Gear Vintage2 28L Faux Leather Water Resistant Anti Theft Laptop Bag/Backpack for Men/Women-Black       ,990,4.4 out of 5 stars,"1,730 ratings",/Gear-Vintage2-Leather-Backpack-LBPVG2LTH0101/dp/B07G44G1DC/ref=sr_1_131?crid=2M096C61O4MLT&keywords=bags&qid=1681981233&sprefix=ba%2Caps%2C283&sr=8-131,ManufacturerGearMerchandisePVTLTD,ASINB07G44G1DC
83,"        Half Moon 55L Waterproof Rucksack Bags for Men/Trekking Bags for Men, Polyester Navy | With Laptop Compartment & Rain cover | For Trekking, Hiking, Travel Backpack for Men & Women       ",979,4.0 out of 5 stars,966 ratings,/Half-Moon-Travelling-Compartment-Polyester/dp/B09CGZ2W28/ref=sr_1_132?crid=2M096C61O4MLT&keywords=bags&qid=1681981233&sprefix=ba%2Caps%2C283&sr=8-132,ManufacturerHalf_Moon,ASINB09CGZ2W28
84,"        SACCI MUCCI Women's Rainbow Sling Bag, Handmade Bags for Females - 100% Vegan Leather and Coated Duck canvas Fabric, Lightweight and Durable       ",449,4.2 out of 5 stars,724 ratings,/SACCI-MUCCI-Allamanda-Lightweight-SM1-10_magnolia/dp/B09TDNZ88Z/ref=sr_1_133?crid=2M096C61O4MLT&keywords=bags&qid=1681981233&sprefix=ba%2Caps%2C283&sr=8-133,ManufacturerWeMakeMemories,ASINB09TDNZ88Z
85,        DZert Kids School Bag Soft Plush Backpacks Cartoon Boys Girls Baby (2-5 Years)       ,239.,3.7 out of 5 stars,"11,382 ratings",/DZert-Panda-School-Backpacks-Cartoon/dp/B07Y2BFJ1B/ref=sr_1_134?crid=2M096C61O4MLT&keywords=bags&qid=1681981233&sprefix=ba%2Caps%2C283&sr=8-134,DateFirstAvailable31December2015,ManufacturerRushiEnterprise
86,"        SHALIMAR large capacity Travel bag / Storage bag / Move-in bags/ Duffel Bag - Strong, Durable , Foldable and Water Resistant ( Pack of 1 ) ( Blue )       ",259.,4.0 out of 5 stars,349 ratings,/Shalimar-Capacity-Travel-Storage-Duffel/dp/B09TPHFMX7/ref=sr_1_135?crid=2M096C61O4MLT&keywords=bags&qid=1681981233&sprefix=ba%2Caps%2C283&sr=8-135,ManufacturerVikrantExtrusionDaman,ASINB09TPHFMX7
87,        Gear DOUBLE DECKER 31L Water Resistant Laptop Bag/Backpack/Office Bag for Men/Women (Black)       ,"1,257",5.0 out of 5 stars,1 rating,/Gear-DOUBLE-DECKER-Resistant-Backpack/dp/B0BTJ3WTMV/ref=sr_1_136?crid=2M096C61O4MLT&keywords=bags&qid=1681981233&sprefix=ba%2Caps%2C283&sr=8-136,ManufacturerGearMerchandisePvtLtd,ASINB0BTJ3WTMV
88,        DZert Clasy Laptop Bag College Bag for Boys Girls 21 L Black       ,299.,3.8 out of 5 stars,"2,350 ratings",/DZert-Polyester-Black-White-Laptop/dp/B07H193V57/ref=sr_1_137?crid=2M096C61O4MLT&keywords=bags&qid=1681981233&sprefix=ba%2Caps%2C283&sr=8-137,DateFirstAvailable28August2018,ManufacturerRushiEnterprise
89,,,,,/HEROZ-Backpack-Resistant-Computer-17-3-inch/dp/B083N3DCTM/ref=sr_1_138?crid=2M096C61O4MLT&keywords=bags&qid=1681981233&sprefix=ba%2Caps%2C283&sr=8-138,DateFirstAvailable28August2018,ManufacturerRushiEnterprise
90,        HEROZ Hammer Unisex Nylon 35 L Travel Laptop Backpack Water Resistant Slim Durable Fits Up to 17.3 Inch Laptop Notebook (Black)       ,"1,139.",4.2 out of 5 stars,"1,105 ratings",/sspa/click?ie=UTF8&spc=MToxOTY4NzkyOTEzODA0MDgyOjE2ODE5ODEyNDQ6c3BfYXRmX25leHQ6MjAxMTM2NDg1ODYwOTg6OjA6Og&url=%2FHEROZ-Backpack-Resistant-Durable-Notebook%2Fdp%2FB09B7KC93T%2Fref%3Dsr_1_145_sspa%3Fcrid%3D2M096C61O4MLT%26keywords%3Dbags%26qid%3D1681981244%26sprefix%3Dba%252Caps%252C283%26sr%3D8-145-spons%26sp_csd%3Dd2lkZ2V0TmFtZT1zcF9hdGZfbmV4dA%26psc%3D1,ManufacturerAHCreation,ASINB09B7KC93T
91,,,,,/sspa/click?ie=UTF8&spc=MToxOTY4NzkyOTEzODA0MDgyOjE2ODE5ODEyNDQ6c3BfYXRmX25leHQ6MjAxNDIzODczODg5OTg6OjA6Og&url=%2FAmic-Handcrafted-Leather-Laptop-Backpack%2Fdp%2FB0BZ9J1Q2H%2Fref%3Dsr_1_146_sspa%3Fcrid%3D2M096C61O4MLT%26keywords%3Dbags%26qid%3D1681981244%26sprefix%3Dba%252Caps%252C283%26sr%3D8-146-spons%26sp_csd%3Dd2lkZ2V0TmFtZT1zcF9hdGZfbmV4dA%26psc%3D1,ManufacturerAHCreation,ASINB09B7KC93T
92,"        Lunar's 35 L Laptop Office/School/Travel/Business Backpack Water Proof - Fits Up to 15.6 Inch Laptop Notebook, With Raincover, Inside Organiser and 1 Year Warranty (All)       ",849,3.8 out of 5 stars,"1,070 ratings",/Lunars-Router-Resistant-Raincover-Organiser/dp/B08YR63B9M/ref=sr_1_147?crid=2M096C61O4MLT&keywords=bags&qid=1681981244&sprefix=ba%2Caps%2C283&sr=8-147,ManufacturerAkshayaRubbersHebbalIndustrialAreaMysore,ASINB08YR63B9M
93,        Half Moon 30L Waterproof 15.6 inch Laptop Office School College Bag Backpack for Men Women Boys & Girls       ,559,3.7 out of 5 stars,350 ratings,/Half-Moon-Waterproof-Laptop-Backpack/dp/B09QM9N1B3/ref=sr_1_148?crid=2M096C61O4MLT&keywords=bags&qid=1681981244&sprefix=ba%2Caps%2C283&sr=8-148,ManufacturerHalf_Moon,ASINB09QM9N1B3
94,"        AirCase Laptop Bag Backpack Case Pouch for Laptop Backpack for Men & Women,Premium Vegan Leather       ",929,3.9 out of 5 stars,771 ratings,/AirCase-C34-Laptop-Backpack-Women/dp/B07QN4KXWG/ref=sr_1_149?crid=2M096C61O4MLT&keywords=bags&qid=1681981244&sprefix=ba%2Caps%2C283&sr=8-149,ManufacturerAirCase,ASINB07QN4KXWG
95,        F Gear Yakuza Brown 34 liter Laptop Backpack Sch Bag       ,969.,4.4 out of 5 stars,806 ratings,/F-Gear-Yakuza-Brown-Laptop-Backpack/dp/B071VNWC1C/ref=sr_1_150?crid=2M096C61O4MLT&keywords=bags&qid=1681981244&sprefix=ba%2Caps%2C283&sr=8-150,DateFirstAvailable11May2017,ManufacturerUberFashionMerchandisePvtLtd
96,,,,,/Hoteon-Backpack-Anti-Theft-Earphone-Resistant/dp/B08HM4TQZZ/ref=sr_1_151?crid=2M096C61O4MLT&keywords=bags&qid=1681981244&sprefix=ba%2Caps%2C283&sr=8-151,DateFirstAvailable11May2017,ManufacturerUberFashionMerchandisePvtLtd
97,,,,,/Motherly-Diaper-Bags-Travel-Basic/dp/B07PKQ3WJZ/ref=sr_1_152?crid=2M096C61O4MLT&keywords=bags&qid=1681981244&sprefix=ba%2Caps%2C283&sr=8-152,DateFirstAvailable11May2017,ManufacturerUberFashionMerchandisePvtLtd
98,"        uppercase Medium 17 Ltrs Vegan Leather (upto 14 inch) Laptop Backpack 2300EBP1 3x more water resistant sustainable bags with rain proof zippers for Men, Women, Boys and Girls, 750 Days warranty       ","1,600.",4.1 out of 5 stars,401 ratings,/uppercase-Backpack-2300EBP1-repellent-sustainable/dp/B0B69M182Q/ref=sr_1_153?crid=2M096C61O4MLT&keywords=bags&qid=1681981244&sprefix=ba%2Caps%2C283&sr=8-153,ManufacturerAcefourAccessoriesPvtLtd,ASINB0B69M182Q
99,        Skybags Network Pro 26L Unisex Blue Laptop Bags       ,"1,599.",4.0 out of 5 stars,69 ratings,/Skybags-Network-Unisex-Blue-Laptop/dp/B0B4DTMVXY/ref=sr_1_154?crid=2M096C61O4MLT&keywords=bags&qid=1681981244&sprefix=ba%2Caps%2C283&sr=8-154,ManufacturerVIPIndustriesLimitedDGPHouse88COldPrabhadeviRoadPrabhadeviMumbai400025India,ASINB0B4DTMVXY
100,,,,,/sspa/click?ie=UTF8&spc=MTo4NTM1MzY1MTM1MzE3MTIwOjE2ODE5ODEyNTg6c3BfYXRmX25leHQ6MjAxMzY4NDcxNTQwOTg6OjA6Og&url=%2FLOOKMUSTER-Waterproof-Backpack-College-Business%2Fdp%2FB0BZW8KW18%2Fref%3Dsr_1_161_sspa%3Fcrid%3D2M096C61O4MLT%26keywords%3Dbags%26qid%3D1681981258%26sprefix%3Dba%252Caps%252C283%26sr%3D8-161-spons%26sp_csd%3Dd2lkZ2V0TmFtZT1zcF9hdGZfbmV4dA%26psc%3D1,ManufacturerVIPIndustriesLimitedDGPHouse88COldPrabhadeviRoadPrabhadeviMumbai400025India,ASINB0B4DTMVXY
101,        HEROZ Hammer Unisex Nylon 35 L Travel Laptop Backpack Water Resistant Slim Durable Fits Up to 17.3 Inch Laptop Notebook (Black)       ,"1,139.",4.2 out of 5 stars,"1,105 ratings",/sspa/click?ie=UTF8&spc=MTo4NTM1MzY1MTM1MzE3MTIwOjE2ODE5ODEyNTg6c3BfYXRmX25leHQ6MjAxMTM2NDg1ODYwOTg6OjA6Og&url=%2FHEROZ-Backpack-Resistant-Durable-Notebook%2Fdp%2FB09B7KC93T%2Fref%3Dsr_1_162_sspa%3Fcrid%3D2M096C61O4MLT%26keywords%3Dbags%26qid%3D1681981258%26sprefix%3Dba%252Caps%252C283%26sr%3D8-162-spons%26sp_csd%3Dd2lkZ2V0TmFtZT1zcF9hdGZfbmV4dA%26psc%3D1,ManufacturerAHCreation,ASINB09B7KC93T
102,,,,,/Kore-K-REGULAR-GYM-BAG-Regular-Gym-Bag/dp/B09VLK27NF/ref=sr_1_163?crid=2M096C61O4MLT&keywords=bags&qid=1681981258&sprefix=ba%2Caps%2C283&sr=8-163,ManufacturerAHCreation,ASINB09B7KC93T
103,        Skybags New Neon 30 L Backpack (Green)       ,"1,049.",4.1 out of 5 stars,751 ratings,/Skybags-New-Neon-Backpack-Green/dp/B07SSDP8D5/ref=sr_1_164_mod_primary_new?crid=2M096C61O4MLT&keywords=bags&qid=1681981258&sbo=RZvfv%2F%2FHxDF%2BO5021pAnSA%3D%3D&sprefix=ba%2Caps%2C283&sr=8-164,ManufacturerFutureRetail,ASINB07SSDP8D5
104,        Skybags New Neon 30 L Backpack (Green)       ,"1,049",4.1 out of 5 stars,751 ratings,/Skybags-New-Neon-Backpack-Green/dp/B07SSDP8D5/ref=sr_1_164_mod_new?crid=2M096C61O4MLT&keywords=bags&qid=1681981258&sbo=RZvfv%2F%2FHxDF%2BO5021pAnSA%3D%3D&sprefix=ba%2Caps%2C283&sr=8-164,ManufacturerFutureRetail,ASINB07SSDP8D5
105,"        GREENLANDS 42 Litres Quad Backpack/Bag with Rain Cover for Travel, Upto 17” Laptop, School/College and Work Lightweight and Stylish Bag Men and Women- Light Grey       ","1,844.",3.7 out of 5 stars,91 ratings,/GreenLands-SG-Backpack-QUAD-L-Grey/dp/B08ML7RWG6/ref=sr_1_165?crid=2M096C61O4MLT&keywords=bags&qid=1681981258&sprefix=ba%2Caps%2C283&sr=8-165,ManufacturerSG,ASINB08ML7RWG6
106,"        URBAN TRIBE Havana 15.6"" inch Laptop Backpack for Men and Women | 27L Office/Work/Casual Bag | Water Repellent | Black       ",989.,3.9 out of 5 stars,729 ratings,/Urban-Tribe-Laptop-Backpack-Havana/dp/B01LXNNFDF/ref=sr_1_166?crid=2M096C61O4MLT&keywords=bags&qid=1681981258&sprefix=ba%2Caps%2C283&sr=8-166,DateFirstAvailable3March2017,ManufacturerBackpackInternationalPvtLtd
107,        Puma Unisex Gym Bag IND       ,599.,4.0 out of 5 stars,434 ratings,/PUMA-Gym-Bag-IND-Fig-CASTLEROCK/dp/B089T98TKG/ref=sr_1_167?crid=2M096C61O4MLT&keywords=bags&qid=1681981258&sprefix=ba%2Caps%2C283&sr=8-167,ManufacturerPuma,ASINB089T98TKG
108,        Half Moon Large 37L Laptop Bag Backpack for menं Women Boys and Girls Luggage Travel Bags with 17.3 inches Laptop Compartment & Rain Cover       ,849.,3.9 out of 5 stars,"2,539 ratings",/Half-Moon-Resistant-Backpack-Compartment/dp/B0BHX7GY16/ref=sr_1_168?crid=2M096C61O4MLT&keywords=bags&qid=1681981258&sprefix=ba%2Caps%2C283&sr=8-168,ManufacturerAmazingBags,ASINB0BHX7GY16
109,        ZIPLOC Polyester 42 Liters Waterproof Laptop Backpack/Office Bag/School Bag/College Bag/Business Bag/Unisex Travel Backpack ( Black )       ,"1,599.",3.6 out of 5 stars,10 ratings,/ZIPLOC-Polyester-Waterproof-Backpack-Business/dp/B099FFLQ5Q/ref=sr_1_169?crid=2M096C61O4MLT&keywords=bags&qid=1681981258&sprefix=ba%2Caps%2C283&sr=8-169,ASINB099FFLQ5Q,ItempartnumberUB9008BK
110,        HEROZ Hammer Unisex Nylon 35 L Travel Laptop Backpack Water Resistant Slim Durable Fits Up to 17.3 Inch Laptop Notebook (Black)       ,"1,139.",4.2 out of 5 stars,"1,105 ratings",/sspa/click?ie=UTF8&spc=MTo2OTc5MzQyMDk3NzA4OTQ0OjE2ODE5ODEyNzI6c3BfYXRmX25leHQ6MjAxMTM2NDg1ODYwOTg6OjA6Og&url=%2FHEROZ-Backpack-Resistant-Durable-Notebook%2Fdp%2FB09B7KC93T%2Fref%3Dsr_1_177_sspa%3Fcrid%3D2M096C61O4MLT%26keywords%3Dbags%26qid%3D1681981272%26sprefix%3Dba%252Caps%252C283%26sr%3D8-177-spons%26sp_csd%3Dd2lkZ2V0TmFtZT1zcF9hdGZfbmV4dA%26psc%3D1,ManufacturerAHCreation,ASINB09B7KC93T
111,"        uppercase Medium 17 Ltrs Vegan Leather (upto 14 inch) Laptop Backpack 2300EBP1 3x more water resistant sustainable bags with rain proof zippers for Men, Women, Boys and Girls, 750 Days warranty       ","1,600.",4.1 out of 5 stars,401 ratings,/sspa/click?ie=UTF8&spc=MTo2OTc5MzQyMDk3NzA4OTQ0OjE2ODE5ODEyNzI6c3BfYXRmX25leHQ6MjAwNjM3ODQ0NTgwOTg6OjA6Og&url=%2Fuppercase-Backpack-2300EBP1-repellent-sustainable%2Fdp%2FB0B68Z3X7D%2Fref%3Dsr_1_178_sspa%3Fcrid%3D2M096C61O4MLT%26keywords%3Dbags%26qid%3D1681981272%26sprefix%3Dba%252Caps%252C283%26sr%3D8-178-spons%26sp_csd%3Dd2lkZ2V0TmFtZT1zcF9hdGZfbmV4dA%26psc%3D1,ManufacturerAcefourAccessoriesPvtLtd,ASINB0B68Z3X7D
112,"        Safari Spartan 21 Ltrs Water Resistant Backpack - Blue, S (SPARTAN19CBBLU)       ",599,3.8 out of 5 stars,739 ratings,/Safari-Spartan-Water-Resistant-Backpack/dp/B09B26MB5M/ref=sr_1_179?crid=2M096C61O4MLT&keywords=bags&qid=1681981272&sprefix=ba%2Caps%2C283&sr=8-179,ManufacturerSafariIndustries,ASINB09B26MB5M
113,"        Genie Flamenco Laptop Backpack for Women, 16 inches Office Bag, Sky Blue Stylish and Trendy Bag for Office and College       ",739.,4.4 out of 5 stars,"1,048 ratings",/Genie-Flamenco2-Backpack-Compatible-Resistant/dp/B08YF1XJXY/ref=sr_1_180?crid=2M096C61O4MLT&keywords=bags&qid=1681981272&sprefix=ba%2Caps%2C283&sr=8-180,ManufacturerSafari,ASINB08YF1XJXY
114,        Wildcraft Work Packs'18 21 Ltrs Black Laptop Backpack (Streak Plus)       ,"1,647.",4.4 out of 5 stars,"1,924 ratings",/Wildcraft-Packs18-Laptop-Backpack-Streak/dp/B07FC4D9B5/ref=sr_1_181?crid=2M096C61O4MLT&keywords=bags&qid=1681981272&sprefix=ba%2Caps%2C283&sr=8-181,DateFirstAvailable7July2018,ManufacturerWildcraft
115,,,,,https://aax-eu.amazon.in/x/c/RDyH1vUgbK-xFiMhimC4N7EAAAGHneVyWQMAAAH2AQBvbm9fdHhuX2JpZDMgICBvbm9fdHhuX2ltcDEgICDBxnKJ/https://www.amazon.in/Adjustable-Backpack-Charging-Resistant-Bussiness/dp/B084NZFNGS/ref=sxin_16_sbv_search_btf?content-id=amzn1.sym.93240040-7510-4cf9-a1aa-e295d190738a%3Aamzn1.sym.93240040-7510-4cf9-a1aa-e295d190738a&crid=2M096C61O4MLT&cv_ct_cx=bags&keywords=bags&pd_rd_i=B084NZFNGS&pd_rd_r=5dd69a2c-de1d-4796-b973-d8583bfd8064&pd_rd_w=BKqX7&pd_rd_wg=AifkI&pf_rd_p=93240040-7510-4cf9-a1aa-e295d190738a&pf_rd_r=A4B2F3YR1XEMVMJKATNK&qid=1681981272&sbo=EO%2BcdOgoisx3waG5xqcZQA%3D%3D&sprefix=ba%2Caps%2C283&sr=1-177-69854b2b-eed5-48c0-8a3b-ed25f92e9cd8,DateFirstAvailable7July2018,ManufacturerWildcraft
116,        NORTH ZONE Outdoor Travel Anti Theft Laptop Backpack Mochila anti robo Outdoor Travel Daily School Custom Logo Schoolbag Business Men Bag (Grey)       ,599.,3.6 out of 5 stars,56 ratings,/NORTH-ZONE-Backpack-Schoolbag-Business/dp/B0BH8S9QGH/ref=sr_1_182?crid=2M096C61O4MLT&keywords=bags&qid=1681981272&sprefix=ba%2Caps%2C283&sr=8-182,ASINB0BH8S9QGH,ItemmodelnumberANTI01
117,        F Gear Tycoon 27 Liters Laptop Backpack Sch Bag(Black)       ,"1,149.",4.4 out of 5 stars,229 ratings,/F-Gear-Tycoon-Laptop-Backpack/dp/B071XJ6XV5/ref=sr_1_183?crid=2M096C61O4MLT&keywords=bags&qid=1681981272&sprefix=ba%2Caps%2C283&sr=8-183,DateFirstAvailable14June2017,ManufacturerUberFashionMerchandisePvtLtd
118,        POLICE Polyester 35 Ltr Laptop Big Low Spec Laptop Backpack - Black/Navy       ,"1,569",3.3 out of 5 stars,196 ratings,/Police-Polyester-Laptop-Spec-Backpack/dp/B07ZB8NWTZ/ref=sr_1_184?crid=2M096C61O4MLT&keywords=bags&qid=1681981272&sprefix=ba%2Caps%2C283&sr=8-184,ManufacturerToreroCorporationPvtLtd,ASINB07ZB8NWTZ
119,,,,,/Gear-Classic-Leather-Backpack-LBPCLSLTH0101/dp/B07G4D13LB/ref=sr_1_185?crid=2M096C61O4MLT&keywords=bags&qid=1681981272&sprefix=ba%2Caps%2C283&sr=8-185,ManufacturerToreroCorporationPvtLtd,ASINB07ZB8NWTZ
120,        HEROZ Hammer Unisex Nylon 35 L Travel Laptop Backpack Water Resistant Slim Durable Fits Up to 17.3 Inch Laptop Notebook (Black)       ,"1,139.",4.2 out of 5 stars,"1,105 ratings",/sspa/click?ie=UTF8&spc=MToyNDY4NDM4MzAxNDY0MTIyOjE2ODE5ODEyODQ6c3BfYXRmX25leHQ6MjAxMTM2NDg1ODYwOTg6OjA6Og&url=%2FHEROZ-Backpack-Resistant-Durable-Notebook%2Fdp%2FB09B7KC93T%2Fref%3Dsr_1_193_sspa%3Fcrid%3D2M096C61O4MLT%26keywords%3Dbags%26qid%3D1681981284%26sprefix%3Dba%252Caps%252C283%26sr%3D8-193-spons%26sp_csd%3Dd2lkZ2V0TmFtZT1zcF9hdGZfbmV4dA%26psc%3D1,ManufacturerAHCreation,ASINB09B7KC93T
121,"        Half Moon 35L Water Resistant 15.6 inch Laptop Bag for Men/Backpack for Men, Navy Blue | Office Bag for Men/Office Bag for Women with Padded Laptop Compartment | Rain Cover & Reflective Strips       ",529.,3.9 out of 5 stars,"15,574 ratings",/sspa/click?ie=UTF8&spc=MToyNDY4NDM4MzAxNDY0MTIyOjE2ODE5ODEyODQ6c3BfYXRmX25leHQ6MjAxNDY1NDMwOTQ0OTg6OjA6Og&url=%2FHalf-Moon-Waterproof-Backpack-Students%2Fdp%2FB085MHDJ93%2Fref%3Dsr_1_194_sspa%3Fcrid%3D2M096C61O4MLT%26keywords%3Dbags%26qid%3D1681981284%26sprefix%3Dba%252Caps%252C283%26sr%3D8-194-spons%26sp_csd%3Dd2lkZ2V0TmFtZT1zcF9hdGZfbmV4dA%26psc%3D1,ManufacturerAmazingBags,ASINB085MHDJ93
122,        Lunar's Comet 35L Water Resistant Travel Bagpack/College Backpack/School Bag/Office Bag/Business Backpack/Daypack for Men and Women with 1 Year Warranty       ,849,4.0 out of 5 stars,"13,145 ratings",/Lunars-Comet-Resistant-Casual-Backpack/dp/B07WNFN1XS/ref=sr_1_195?crid=2M096C61O4MLT&keywords=bags&qid=1681981284&sprefix=ba%2Caps%2C283&sr=8-195,ManufacturerLunars,ASINB07WNFN1XS
123,        Martucci Large 35 L Backpack Spacy Unisex /College/School/Travel Backpack with Rain Cover and Reflective Strip       ,765.,4.0 out of 5 stars,"1,089 ratings",/Martucci-Backpack-College-Reflective-Airport/dp/B0B7DVC3TL/ref=sr_1_196?crid=2M096C61O4MLT&keywords=bags&qid=1681981284&sprefix=ba%2Caps%2C283&sr=8-196,ManufacturerMartucci,ASINB0B7DVC3TL
124,"        SABUZ BAG 15.6-inch Laptop Computer Briefcase,Water Resistant, Business Bag with Waterproof Zipper,Shoulder Bag Handbag,Compatible with laptop MacBook Notebook,for MeN&Women GREY       ",749,3.7 out of 5 stars,232 ratings,/15-6-inch-Briefcase-Resistant-Waterproof-Compatible/dp/B0966F821Q/ref=sr_1_197?crid=2M096C61O4MLT&keywords=bags&qid=1681981284&sprefix=ba%2Caps%2C283&sr=8-197,ASINB0966F821Q,ItemmodelnumberLAPTOPBAGS
125,,,,,/Motherly-Diaper-Travel-Basic-Black/dp/B07QXSNDKN/ref=sr_1_198?crid=2M096C61O4MLT&keywords=bags&qid=1681981284&sprefix=ba%2Caps%2C283&sr=8-198,ASINB0966F821Q,ItemmodelnumberLAPTOPBAGS
126,"        GoHustle Business Class Convertible Laptop Backpack Bag | Waterproof Raincover | 30L, Upto 15.6 inch laptop bag, Keyholder & Organizer, Black Color       ","1,650",4.3 out of 5 stars,18 ratings,/GoHustle-Business-Class-Convertible-Waterproof/dp/B0BM99GZ2K/ref=sr_1_199?crid=2M096C61O4MLT&keywords=bags&qid=1681981284&sprefix=ba%2Caps%2C283&sr=8-199,ManufacturerRCXBrandsDelhi110055919315775050Whatsapp,ASINB0BM99GZ2K
127,        Dybbuk Lightweight School Bags Backpacks for Boys Girls Stylish Men and Women Casual Travel Laptop Bag College Office (Red)       ,475,3.5 out of 5 stars,14 ratings,/Dybbuk-Lightweight-Backpacks-Stylish-College/dp/B0BCGWRTHT/ref=sr_1_200?crid=2M096C61O4MLT&keywords=bags&qid=1681981284&sprefix=ba%2Caps%2C283&sr=8-200,ASINB0BCGWRTHT,ItemmodelnumberMiniPrinted
128,"        F Gear Blow Laptop Backpack With Rain Cover 32 Liters (Black,Grey) Sch Bag       ",929,4.3 out of 5 stars,"1,268 ratings",/F-Gear-Blow-Laptop-Backpack/dp/B078J63VRY/ref=sr_1_201?crid=2M096C61O4MLT&keywords=bags&qid=1681981284&sprefix=ba%2Caps%2C283&sr=8-201,DateFirstAvailable19December2017,ManufacturerUberFashionMerchandisePvtLtd
129,"        American Tourister Sest+ Polyester 2 Compartment Unisex Backpack (Grey,Frsz)       ","1,575.",3.0 out of 5 stars,2 ratings,/American-Tourister-Polyester-Compartment-Backpack/dp/B0BWFFFT5H/ref=sr_1_202?crid=2M096C61O4MLT&keywords=bags&qid=1681981284&sprefix=ba%2Caps%2C283&sr=8-202,ManufacturerAmericanTourister,ASINB0BWFFFT5H
130,"        Half Moon 35L Water Resistant 15.6 inch Laptop Bag for Men/Backpack for Men, Navy Blue | Office Bag for Men/Office Bag for Women with Padded Laptop Compartment | Rain Cover & Reflective Strips       ",529.,3.9 out of 5 stars,"15,574 ratings",/sspa/click?ie=UTF8&spc=MTo0OTU3MzI3MTIxNjQxOTExOjE2ODE5ODEyOTY6c3BfYXRmX25leHQ6MjAxNDY1NDMwOTQ0OTg6OjA6Og&url=%2FHalf-Moon-Waterproof-Backpack-Students%2Fdp%2FB085MHDJ93%2Fref%3Dsr_1_209_sspa%3Fcrid%3D2M096C61O4MLT%26keywords%3Dbags%26qid%3D1681981296%26sprefix%3Dba%252Caps%252C283%26sr%3D8-209-spons%26sp_csd%3Dd2lkZ2V0TmFtZT1zcF9hdGZfbmV4dA%26psc%3D1,ManufacturerAmazingBags,ASINB085MHDJ93
131,        HEROZ Hammer Unisex Nylon 35 L Travel Laptop Backpack Water Resistant Slim Durable Fits Up to 17.3 Inch Laptop Notebook (Black)       ,"1,139.",4.2 out of 5 stars,"1,105 ratings",/sspa/click?ie=UTF8&spc=MTo0OTU3MzI3MTIxNjQxOTExOjE2ODE5ODEyOTY6c3BfYXRmX25leHQ6MjAxMTM2NDg1ODYwOTg6OjA6Og&url=%2FHEROZ-Backpack-Resistant-Durable-Notebook%2Fdp%2FB09B7KC93T%2Fref%3Dsr_1_210_sspa%3Fcrid%3D2M096C61O4MLT%26keywords%3Dbags%26qid%3D1681981296%26sprefix%3Dba%252Caps%252C283%26sr%3D8-210-spons%26sp_csd%3Dd2lkZ2V0TmFtZT1zcF9hdGZfbmV4dA%26psc%3D1,ManufacturerAHCreation,ASINB09B7KC93T
132,,,,,/NETTIE-Cotton-Carry-Strap-Drawstring/dp/B08LBT1R9J/ref=sr_1_211?crid=2M096C61O4MLT&keywords=bags&qid=1681981296&sprefix=ba%2Caps%2C283&sr=8-211,ManufacturerAHCreation,ASINB09B7KC93T
133,        FAIS N FAB Printed Designer Stylish Waterproof School/Collage/Picknic Bag-Backpack For Girls & Women | Casual Bagpack with Front Pocket | Office Laptop Bag | College Student Travel Bag       ,399.,3.6 out of 5 stars,4 ratings,/Printed-Collage-Picknic-Bag-Backpack-Bagpack/dp/B0BMQHSSTN/ref=sr_1_212?crid=2M096C61O4MLT&keywords=bags&qid=1681981296&sprefix=ba%2Caps%2C283&sr=8-212,ManufacturerDANISHFASHION,ASINB0BMQHSSTN
134,        POLICE Backpack for Men Casual Laptop Bag Office/Travel/College 30 Ltr Hedge Polyester - Black       ,"1,399.",4.1 out of 5 stars,"5,400 ratings",/Police-Polyester-laptop-casual-backpack/dp/B09CQ5T3LN/ref=sr_1_213?crid=2M096C61O4MLT&keywords=bags&qid=1681981296&sprefix=ba%2Caps%2C283&sr=8-213,ASINB09CQ5T3LN,ItemmodelnumberBackpack
135,        Wildcraft Polyester 35 Ltrs Black and Mel Backpack (WC 5 Dare)       ,"1,690.",4.5 out of 5 stars,"1,596 ratings",/Wildcraft-Black-Backpack-WC-Dare/dp/B06XD713N9/ref=sr_1_214_mod_primary_new?crid=2M096C61O4MLT&keywords=bags&qid=1681981296&sbo=RZvfv%2F%2FHxDF%2BO5021pAnSA%3D%3D&sprefix=ba%2Caps%2C283&sr=8-214,DateFirstAvailable28February2017,ManufacturerWildcraft
136,        Wildcraft Polyester 35 Ltrs Black and Mel Backpack (WC 5 Dare)       ,"1,690.",4.5 out of 5 stars,"1,596 ratings",/Wildcraft-Black-Backpack-WC-Dare/dp/B06XD713N9/ref=sr_1_214_mod_new?crid=2M096C61O4MLT&keywords=bags&qid=1681981296&sbo=RZvfv%2F%2FHxDF%2BO5021pAnSA%3D%3D&sprefix=ba%2Caps%2C283&sr=8-214,DateFirstAvailable28February2017,ManufacturerWildcraft
137,"        Harissons Trinity Gym Duffel 28L Sports Bag for Men and Women(Black & Green) Polyester | 2 in 1 Yoga Mat Holder Duffle Bag with Shoe Compartment, Detachable Shoulder Strap with Quick Access Pocket       ",999.,4.1 out of 5 stars,525 ratings,/Harissons-Trinity-Women-Black-Green/dp/B07NCZD81X/ref=sr_1_215?crid=2M096C61O4MLT&keywords=bags&qid=1681981296&sprefix=ba%2Caps%2C283&sr=8-215,DateFirstAvailable3February2019,ManufacturerHarissons
138,        Baywatch Unisex Casual Laptop Bag/Backpack for Men Women Boys Girls/Office School College Teens & Students (Green)       ,490,3.1 out of 5 stars,15 ratings,/Baywatch-Unisex-Casual-Polyester-Backpack/dp/B099DZ8KY9/ref=sr_1_216?crid=2M096C61O4MLT&keywords=bags&qid=1681981296&sprefix=ba%2Caps%2C283&sr=8-216,ManufacturerAkkiraFashions,ASINB099DZ8KY9
139,        Half Moon 35 L Casual Waterproof Laptop Bag/Backpack for Men Women Boys Girls/Office School College Teens & Students with Rain Cover (18 Inch) (Sky Blue)       ,699,3.5 out of 5 stars,40 ratings,/Half-Moon-Waterproof-Backpack-Students/dp/B0BR149RMT/ref=sr_1_217?crid=2M096C61O4MLT&keywords=bags&qid=1681981296&sprefix=ba%2Caps%2C283&sr=8-217,ManufacturerAmazingBags,ASINB0BR149RMT
140,        HEROZ Hammer Unisex Nylon 35 L Travel Laptop Backpack Water Resistant Slim Durable Fits Up to 17.3 Inch Laptop Notebook (Black)       ,"1,139.",4.2 out of 5 stars,"1,105 ratings",/sspa/click?ie=UTF8&spc=MTo4Njc5ODU0MjA1NDk2NTIxOjE2ODE5ODEzMTA6c3BfYXRmX25leHQ6MjAxMTM2NDg1ODYwOTg6OjA6Og&url=%2FHEROZ-Backpack-Resistant-Durable-Notebook%2Fdp%2FB09B7KC93T%2Fref%3Dsr_1_225_sspa%3Fcrid%3D2M096C61O4MLT%26keywords%3Dbags%26qid%3D1681981310%26sprefix%3Dba%252Caps%252C283%26sr%3D8-225-spons%26sp_csd%3Dd2lkZ2V0TmFtZT1zcF9hdGZfbmV4dA%26psc%3D1,ManufacturerAHCreation,ASINB09B7KC93T
141,"        uppercase Medium 17 Ltrs Vegan Leather (upto 14 inch) Laptop Backpack 2300EBP1 3x more water resistant sustainable bags with rain proof zippers for Men, Women, Boys and Girls, 750 Days warranty       ","1,600.",4.1 out of 5 stars,401 ratings,/sspa/click?ie=UTF8&spc=MTo4Njc5ODU0MjA1NDk2NTIxOjE2ODE5ODEzMTA6c3BfYXRmX25leHQ6MjAwNjM3ODQ0NTgwOTg6OjA6Og&url=%2Fuppercase-Backpack-2300EBP1-repellent-sustainable%2Fdp%2FB0B68Z3X7D%2Fref%3Dsr_1_226_sspa%3Fcrid%3D2M096C61O4MLT%26keywords%3Dbags%26qid%3D1681981310%26sprefix%3Dba%252Caps%252C283%26sr%3D8-226-spons%26sp_csd%3Dd2lkZ2V0TmFtZT1zcF9hdGZfbmV4dA%26psc%3D1,ManufacturerAcefourAccessoriesPvtLtd,ASINB0B68Z3X7D
142,        Victorinox Nylon Black Laptop Bag (31322601)       ,"25,320.",4.5 out of 5 stars,11 ratings,/Victorinox-Nylon-Black-Laptop-31322601/dp/B004UCORV2/ref=sr_1_227?crid=2M096C61O4MLT&keywords=bags&qid=1681981310&sprefix=ba%2Caps%2C283&sr=8-227,DateFirstAvailable29January2014,ManufacturerVictorinox
143,        Half Moon 35 L Casual Waterproof Laptop Bag/Backpack for Men Women Boys Girls/Office School College Teens & Students with Rain Cover (18 Inch) (Sky Blue)       ,699,3.5 out of 5 stars,40 ratings,/Half-Moon-Waterproof-Backpack-Students/dp/B0BR149RMT/ref=sr_1_228?crid=2M096C61O4MLT&keywords=bags&qid=1681981310&sprefix=ba%2Caps%2C283&sr=8-228,ManufacturerAmazingBags,ASINB0BR149RMT
144,"        WILDHORN 31L Laptop Backpack for Men / Women I Fits upto 15.6"" Laptop I Waterproof I Travel / Business / College Bookbags       ",599,4.1 out of 5 stars,"1,100 ratings",/WILDHORN-Backpack-Compartment-Business-Stitching/dp/B09QL66G55/ref=sr_1_229?crid=2M096C61O4MLT&keywords=bags&qid=1681981310&sprefix=ba%2Caps%2C283&sr=8-229,ManufacturerWildHorn,ASINB09QL66G55
145,"        uppercase Laptop Backpack 1600EBP Compact 3x more water repellent sustainable bags with rain proof zippers for Men, Women, Boys and Girls , 750 Days warranty       ",950,4.1 out of 5 stars,179 ratings,/uppercase-Backpack-1600EBP1-resistant-sustainable/dp/B0B68ZS5G1/ref=sr_1_230?crid=2M096C61O4MLT&keywords=bags&qid=1681981310&sprefix=ba%2Caps%2C283&sr=8-230,ManufacturerAcefourAccessoriesPvtLtd,ASINB0B68ZS5G1
146,        POLICE Backpack for Men Casual Laptop Bag Office/Travel/College 30 Ltr Hedge Polyester - Black       ,"1,399.",4.1 out of 5 stars,"5,400 ratings",/Police-Polyester-laptop-casual-backpack/dp/B09CQ5T3LN/ref=sr_1_231?crid=2M096C61O4MLT&keywords=bags&qid=1681981310&sprefix=ba%2Caps%2C283&sr=8-231,ASINB09CQ5T3LN,ItemmodelnumberBackpack
147,        Pagwin 15.6 inch 25 L Casual Waterproof Laptop Backpack/Office Bag/School Bag/College Bag/Business Bag/Unisex Travel Backpack (PG-0025)       ,549,3.6 out of 5 stars,69 ratings,/Pagwin-ltrs-BACKPACK-INVALID-Black/dp/B09VZC6C8W/ref=sr_1_232?crid=2M096C61O4MLT&keywords=bags&qid=1681981310&sprefix=ba%2Caps%2C283&sr=8-232,ManufacturerPAGWINSTORE,ASINB09VZC6C8W
148,        NORTH ZONE Business Waterproof School Bags Bagpack Travel Laptop Shoulder Backpack Anti Theft Backpack for College Travel Outdoor Grey       ,854,3.3 out of 5 stars,14 ratings,/Business-Waterproof-Bagpack-Shoulder-Backpack/dp/B09SD9ZWFG/ref=sr_1_233?crid=2M096C61O4MLT&keywords=bags&qid=1681981310&sprefix=ba%2Caps%2C283&sr=8-233,Itemmodelnumber101,CountryofOriginIndia
149,"        SABUZ BAG 15.6-inch Laptop Computer Briefcase,Water Resistant, Business Bag with Waterproof Zipper,Shoulder Bag Handbag,Compatible with laptop MacBook Notebook,for MeN&Women GREY       ",749,3.7 out of 5 stars,232 ratings,/15-6-inch-Briefcase-Resistant-Waterproof-Compatible/dp/B0966F821Q/ref=sr_1_234?crid=2M096C61O4MLT&keywords=bags&qid=1681981310&sprefix=ba%2Caps%2C283&sr=8-234,ASINB0966F821Q,ItemmodelnumberLAPTOPBAGS
150,,,,,/sspa/click?ie=UTF8&spc=MToyODIzNjIwNzc0MDA2NzA6MTY4MTk4MTMxOTpzcF9hdGZfbmV4dDoyMDEzNjg0NzE1NDA5ODo6MDo6&url=%2FLOOKMUSTER-Waterproof-Backpack-College-Business%2Fdp%2FB0BZW8KW18%2Fref%3Dsr_1_241_sspa%3Fcrid%3D2M096C61O4MLT%26keywords%3Dbags%26qid%3D1681981319%26sprefix%3Dba%252Caps%252C283%26sr%3D8-241-spons%26sp_csd%3Dd2lkZ2V0TmFtZT1zcF9hdGZfbmV4dA%26psc%3D1,ASINB0966F821Q,ItemmodelnumberLAPTOPBAGS
151,        HEROZ Hammer Unisex Nylon 35 L Travel Laptop Backpack Water Resistant Slim Durable Fits Up to 17.3 Inch Laptop Notebook (Black)       ,"1,139.",4.2 out of 5 stars,"1,105 ratings",/sspa/click?ie=UTF8&spc=MToyODIzNjIwNzc0MDA2NzA6MTY4MTk4MTMxOTpzcF9hdGZfbmV4dDoyMDExMzY0ODU4NjA5ODo6MDo6&url=%2FHEROZ-Backpack-Resistant-Durable-Notebook%2Fdp%2FB09B7KC93T%2Fref%3Dsr_1_242_sspa%3Fcrid%3D2M096C61O4MLT%26keywords%3Dbags%26qid%3D1681981319%26sprefix%3Dba%252Caps%252C283%26sr%3D8-242-spons%26sp_csd%3Dd2lkZ2V0TmFtZT1zcF9hdGZfbmV4dA%26psc%3D1,ManufacturerAHCreation,ASINB09B7KC93T
152,        F Gear Colorado Navy Lmn yelw 39 Ltrs Laptop Backpack (3813)       ,749.,4.2 out of 5 stars,92 ratings,/Gear-Colorado-Navy-Laptop-Backpack/dp/B097K6SPH7/ref=sr_1_243?crid=2M096C61O4MLT&keywords=bags&qid=1681981319&sprefix=ba%2Caps%2C283&sr=8-243,ManufacturerUberFashionMerchandisePvtLtd,ASINB097K6SPH7
153,,,,,/Motherly-Stylish-Babies-Diaper-Mothers/dp/B07CRYXTDG/ref=sr_1_244?crid=2M096C61O4MLT&keywords=bags&qid=1681981319&sprefix=ba%2Caps%2C283&sr=8-244,ManufacturerUberFashionMerchandisePvtLtd,ASINB097K6SPH7
154,        House of Quirk Baby Diaper Bag Maternity Backpack       ,"1,449",4.4 out of 5 stars,987 ratings,/House-Quirk-Maternity-Backpack-Elephant/dp/B07QV7SH4S/ref=sr_1_245?crid=2M096C61O4MLT&keywords=bags&qid=1681981319&sprefix=ba%2Caps%2C283&sr=8-245,ManufacturerHouseofQuirk,ASINB07QV7SH4S
155,        Gear Vintage2 28L Faux Leather Water Resistant Anti Theft Laptop Bag/Backpack for Men/Women-Navy       ,970.,4.4 out of 5 stars,"3,185 ratings",/Gear-Vintage2-Leather-Backpack-LBPVG2LTH0501/dp/B07G4HH78P/ref=sr_1_246?crid=2M096C61O4MLT&keywords=bags&qid=1681981319&sprefix=ba%2Caps%2C283&sr=8-246,ManufacturerGearMerchandisePVTLTD,ASINB07G4HH78P
156,,,,,/centaur-Backpack-Business-Resistant-Lightweight/dp/B0BJZ4JZHP/ref=sr_1_247?crid=2M096C61O4MLT&keywords=bags&qid=1681981319&sprefix=ba%2Caps%2C283&sr=8-247,ManufacturerGearMerchandisePVTLTD,ASINB07G4HH78P
157,        COSMUS Tuxer 38L Large Laptop Backpack With 3 Compartments       ,"1,440.",4.1 out of 5 stars,270 ratings,/Cosmus-Tuxer-Laptop-Backpack-Compartments/dp/B09HCH6TP5/ref=sr_1_248?crid=2M096C61O4MLT&keywords=bags&qid=1681981319&sprefix=ba%2Caps%2C283&sr=8-248,ManufacturerCOSMUSBAGSPVTLTD,ASINB09HCH6TP5
158,"        RBB HUB Black Leather Gym Bag Gym Bag (Black, Sling Bag)       ",229.,3.8 out of 5 stars,4 ratings,/RBB-HUB-Black-Leather-Sling/dp/B082G8KPD2/ref=sr_1_249?crid=2M096C61O4MLT&keywords=bags&qid=1681981319&sprefix=ba%2Caps%2C283&sr=8-249,ManufacturerBajajTradingCoporation,ASINB082G8KPD2
159,"        BagSource White Kraft Paper Shopping Bags, 16""x6""x12"", 25 Pieces       ",530.,3.7 out of 5 stars,14 ratings,/16-x6-x12-Shopping-Mechandise/dp/B00L8FTIY0/ref=sr_1_250?crid=2M096C61O4MLT&keywords=bags&qid=1681981319&sprefix=ba%2Caps%2C283&sr=8-250,ManufacturerBagSource,ASINB00L8FTIY0
160,"        uppercase Medium 17 Ltrs Vegan Leather (upto 14 inch) Laptop Backpack 2300EBP1 3x more water resistant sustainable bags with rain proof zippers for Men, Women, Boys and Girls, 750 Days warranty       ","1,600",4.1 out of 5 stars,401 ratings,/sspa/click?ie=UTF8&spc=MTo3MjgxNjY1Njk1Nzg5NTkxOjE2ODE5ODEzMzM6c3BfYXRmX25leHQ6MjAxMjQzMTEwMjQ4OTg6OjA6Og&url=%2Fuppercase-Backpack-2300EBP1-resistant-sustainable%2Fdp%2FB0BWNCV31F%2Fref%3Dsr_1_257_sspa%3Fcrid%3D2M096C61O4MLT%26keywords%3Dbags%26qid%3D1681981333%26sprefix%3Dba%252Caps%252C283%26sr%3D8-257-spons%26sp_csd%3Dd2lkZ2V0TmFtZT1zcF9hdGZfbmV4dA%26psc%3D1,ManufacturerAcefourAccessoriesPvtLtd,ASINB0BWNCV31F
161,"        Half Moon 35L Water Resistant 15.6 inch Laptop Bag for Men/Backpack for Men, Navy Blue | Office Bag for Men/Office Bag for Women with Padded Laptop Compartment | Rain Cover & Reflective Strips       ",529,3.9 out of 5 stars,"15,574 ratings",/sspa/click?ie=UTF8&spc=MTo3MjgxNjY1Njk1Nzg5NTkxOjE2ODE5ODEzMzM6c3BfYXRmX25leHQ6MjAxNDY1NDMwOTQ0OTg6OjA6Og&url=%2FHalf-Moon-Waterproof-Backpack-Students%2Fdp%2FB085MHDJ93%2Fref%3Dsr_1_258_sspa%3Fcrid%3D2M096C61O4MLT%26keywords%3Dbags%26qid%3D1681981333%26sprefix%3Dba%252Caps%252C283%26sr%3D8-258-spons%26sp_csd%3Dd2lkZ2V0TmFtZT1zcF9hdGZfbmV4dA%26psc%3D1,ManufacturerAmazingBags,ASINB085MHDJ93
162,        Arctic Fox Kobra Gamer Laptop Backpack (Black)       ,"1,979.",4.6 out of 5 stars,656 ratings,/Arctic-Fox-Kobra-Laptop-Backpack/dp/B09GPHHZPW/ref=sr_1_259_mod_primary_new?crid=2M096C61O4MLT&keywords=bags&qid=1681981333&sbo=RZvfv%2F%2FHxDF%2BO5021pAnSA%3D%3D&sprefix=ba%2Caps%2C283&sr=8-259,ManufacturerArcticFox,ASINB09GPHHZPW
163,        5 O'CLOCK SPORTS Brown Leather Gym Bag Duffel Bag Shoulder Bag for Men and Women Emboss Logo (44 cm x 24 cm x 24) Brown/Gym Bags/Adjustable Shoulder Bag for Men/Duffle Gym Bags for Men/Fitness Bag/Carry Bags/Sports & Travel Bag/Sports Kit/Duffle Bags Travel.       ,547.,3.8 out of 5 stars,34 ratings,/OCLOCK-SPORTS-Leather-Duffel-Shoulder/dp/B08LDDBSWY/ref=sr_1_260?crid=2M096C61O4MLT&keywords=bags&qid=1681981333&sprefix=ba%2Caps%2C283&sr=8-260,DateFirstAvailable19October2020,Manufacturer5OCLOCKSPORTS
164,"        Wooum Polyester 23 cms Gym Bag Sport Outdoor Bag, Shoulder Bag Side Bag with Separate Shoes Compartment Water Resistance - Dark Grey       ",397.,4.2 out of 5 stars,481 ratings,/Resistant-Duffle-Shoulder-Separate-Compartment/dp/B09KVBSG61/ref=sr_1_261?crid=2M096C61O4MLT&keywords=bags&qid=1681981333&sprefix=ba%2Caps%2C283&sr=8-261,ManufacturerWooum,ASINB09KVBSG61
165,"        Veneer Laptop Bag 15.6 Inch, Business Briefcase for Men Women, 15inch Water Resistant Messenger Shoulder Bag with Strap, Durable Office Bag, for Computer/Notebook/MacBook       ",955.,4.2 out of 5 stars,"3,070 ratings",/Veneer-Business-Briefcase-Resistant-Messenger/dp/B08Z619V6Z/ref=sr_1_262?crid=2M096C61O4MLT&keywords=bags&qid=1681981333&sprefix=ba%2Caps%2C283&sr=8-262,ManufacturerTHEHUTCHENTERPRISES,ASINB08Z619V6Z
166,"        Good Friends Blowzy Bags Laptop Messenger Bags for Men, Laptop Bags for Womens, Office Bags for Man, Laptop Briefcase, 15.6 inch Laptop Bag (Tan)       ",509.,3.9 out of 5 stars,40 ratings,/GOOD-FRIENDS-Blowzy-Messenger-Briefcase/dp/B088LG4CYY/ref=sr_1_263?crid=2M096C61O4MLT&keywords=bags&qid=1681981333&sprefix=ba%2Caps%2C283&sr=8-263,ASINB088LG4CYY,ItempartnumberBL1020
167,"        Arctic Hunter Mens Sling Bag Small Chest Bag Shoulder Bag Mobile Bag One Side Bag for Men with 8'' iPad Earphone Port Water-resistant for Daily Use Small Items and Small Electronic Product,Black       ","1,139.",4.3 out of 5 stars,563 ratings,/Resistant-Outdoor-Shoulder-Unbalance-Earphone/dp/B07TT785P7/ref=sr_1_264?crid=2M096C61O4MLT&keywords=bags&qid=1681981333&sprefix=ba%2Caps%2C283&sr=8-264,Manufactureraharctichunter,ASINB07TT785P7
168,        KILLER Derby 38L Large Laptop Backpack With 2 Compartments Polyester Travel Backpack       ,"1,879.",4.4 out of 5 stars,"4,502 ratings",/Killer-Backpack-Compartments-Polyester-Waterproof/dp/B07BVK6WDZ/ref=sr_1_265?crid=2M096C61O4MLT&keywords=bags&qid=1681981333&sprefix=ba%2Caps%2C283&sr=8-265,DateFirstAvailable2April2018,ManufacturerAmbrosiaBags
169,"        Lunar's Unisex 50L Water Resistant Office/Travel/Business Laptop Backpack, Bag for up to 17.3 inch Laptop/MacBook with rain Cover and 2 Large compartments       ","1,199.",4.0 out of 5 stars,"2,546 ratings",/Lunars-Travel-Laptop-Bag-compartments/dp/B08NHL52MK/ref=sr_1_266?crid=2M096C61O4MLT&keywords=bags&qid=1681981333&sprefix=ba%2Caps%2C283&sr=8-266,ManufacturerAkshayaRubbersHebbalIndustrialAreaMysore,ASINB08NHL52MK
170,        HEROZ Hammer Unisex Nylon 35 L Travel Laptop Backpack Water Resistant Slim Durable Fits Up to 17.3 Inch Laptop Notebook (Black)       ,"1,139.",4.2 out of 5 stars,"1,105 ratings",/sspa/click?ie=UTF8&spc=MTo2NDE4OTcxMzIyOTU2MTIxOjE2ODE5ODEzNDM6c3BfYXRmX25leHQ6MjAxMTM2NDg1ODYwOTg6OjA6Og&url=%2FHEROZ-Backpack-Resistant-Durable-Notebook%2Fdp%2FB09B7KC93T%2Fref%3Dsr_1_273_sspa%3Fcrid%3D2M096C61O4MLT%26keywords%3Dbags%26qid%3D1681981343%26sprefix%3Dba%252Caps%252C283%26sr%3D8-273-spons%26sp_csd%3Dd2lkZ2V0TmFtZT1zcF9hdGZfbmV4dA%26psc%3D1,ManufacturerAHCreation,ASINB09B7KC93T
171,"        MOKOBARA The Work Backpack 15.6"" Inch Laptop | Travel Backpack For Men And Women       ","6,499.",4.6 out of 5 stars,32 ratings,/sspa/click?ie=UTF8&spc=MTo2NDE4OTcxMzIyOTU2MTIxOjE2ODE5ODEzNDM6c3BfYXRmX25leHQ6MjAwNzg4ODM0MDgwOTg6OjA6Og&url=%2FMokobara-Backpack-Leather-Resistant-Laptop%2Fdp%2FB0B7X8BYQJ%2Fref%3Dsr_1_274_sspa%3Fcrid%3D2M096C61O4MLT%26keywords%3Dbags%26qid%3D1681981343%26sprefix%3Dba%252Caps%252C283%26sr%3D8-274-spons%26sp_csd%3Dd2lkZ2V0TmFtZT1zcF9hdGZfbmV4dA%26psc%3D1%26smid%3DA2ZJIE4OXD710M,ManufacturerDesignedByMokobaraLifestylePrivateLimited,ASINB0B7X8BYQJ
172,        Skybags Unisex Yellow Gucci Fabric 17L Backpacks       ,441,4.1 out of 5 stars,108 ratings,/Skybags-Unisex-Yellow-Fabric-Backpacks/dp/B0B21XM4KX/ref=sr_1_275?crid=2M096C61O4MLT&keywords=bags&qid=1681981343&sprefix=ba%2Caps%2C283&sr=8-275,ManufacturerVIPIndustriesLimitedDGPHouse88COldPrabhadeviRoadPrabhadeviMumbai400025India,ASINB0B21XM4KX
173,        F Gear 22 Ltrs Burner Art Lthr Brown Laptop Backpack (3343)       ,839.,4.4 out of 5 stars,343 ratings,/F-Gear-Burner-Art-Lthr-Laptop-Backpack/dp/B085QWJVCZ/ref=sr_1_276?crid=2M096C61O4MLT&keywords=bags&qid=1681981343&sprefix=ba%2Caps%2C283&sr=8-276,ManufacturerUberFashionMerchandisePvtLtd,ASINB085QWJVCZ
174,"        Half Moon 35L Water Resistant 15.6 inch Laptop Bag for Men/Backpack for Men, Black | Office Bag for Men/Office Bag for Women with Padded Laptop Compartment | Rain Cover & Reflective Strips       ",699.,3.9 out of 5 stars,310 ratings,/Half-Moon-Resistant-Laptop-Backpack/dp/B09842K4RQ/ref=sr_1_277?crid=2M096C61O4MLT&keywords=bags&qid=1681981343&sprefix=ba%2Caps%2C283&sr=8-277,ManufacturerABAmazingBags,ASINB09842K4RQ
175,,,,,/POSSHUSA-Backpack-Charging-College-Suitable/dp/B0BX8ZZ769/ref=sr_1_278?crid=2M096C61O4MLT&keywords=bags&qid=1681981343&sprefix=ba%2Caps%2C283&sr=8-278,ManufacturerABAmazingBags,ASINB09842K4RQ
176,,,,,/Cosmus-Casual-Backpack-Charger-College/dp/B08D7D2ZFX/ref=sr_1_279?crid=2M096C61O4MLT&keywords=bags&qid=1681981343&sprefix=ba%2Caps%2C283&sr=8-279,ManufacturerABAmazingBags,ASINB09842K4RQ
177,        Skybags Unisex Grey Jacqard 34L Laptop Bags       ,"1,155",4.0 out of 5 stars,26 ratings,/Skybags-Unisex-Grey-Jacqard-Laptop/dp/B09ZV9SLBJ/ref=sr_1_280?crid=2M096C61O4MLT&keywords=bags&qid=1681981343&sprefix=ba%2Caps%2C283&sr=8-280,ManufacturerVIPIndustriesLimitedDGPHouse88COldPrabhadeviRoadPrabhadeviMumbai400025India,ASINB09ZV9SLBJ
178,        Wildcraft Polyester 35 Ltrs Black and Mel Backpack (WC 5 Dare)       ,"1,690.",4.5 out of 5 stars,"1,596 ratings",/Wildcraft-Black-Backpack-WC-Dare/dp/B06XD713N9/ref=sr_1_281_mod_primary_new?crid=2M096C61O4MLT&keywords=bags&qid=1681981343&sbo=RZvfv%2F%2FHxDF%2BO5021pAnSA%3D%3D&sprefix=ba%2Caps%2C283&sr=8-281,DateFirstAvailable28February2017,ManufacturerWildcraft
179,        Wildcraft Polyester 35 Ltrs Black and Mel Backpack (WC 5 Dare)       ,"1,690.",4.5 out of 5 stars,"1,596 ratings",/Wildcraft-Black-Backpack-WC-Dare/dp/B06XD713N9/ref=sr_1_281_mod_new?crid=2M096C61O4MLT&keywords=bags&qid=1681981343&sbo=RZvfv%2F%2FHxDF%2BO5021pAnSA%3D%3D&sprefix=ba%2Caps%2C283&sr=8-281,DateFirstAvailable28February2017,ManufacturerWildcraft
180,"        Half Moon 35L Water Resistant 15.6 inch Laptop Bag for Men/Backpack for Men, Navy Blue | Office Bag for Men/Office Bag for Women with Padded Laptop Compartment | Rain Cover & Reflective Strips       ",529.,3.9 out of 5 stars,"15,574 ratings",/sspa/click?ie=UTF8&spc=MToxMzAwNzcwMjYxMTQ5MzI3OjE2ODE5ODEzNTM6c3BfYXRmX25leHQ6MjAxNDY1NDMwOTQ0OTg6OjA6Og&url=%2FHalf-Moon-Waterproof-Backpack-Students%2Fdp%2FB085MHDJ93%2Fref%3Dsr_1_289_sspa%3Fcrid%3D2M096C61O4MLT%26keywords%3Dbags%26qid%3D1681981353%26sprefix%3Dba%252Caps%252C283%26sr%3D8-289-spons%26sp_csd%3Dd2lkZ2V0TmFtZT1zcF9hdGZfbmV4dA%26psc%3D1,ManufacturerAmazingBags,ASINB085MHDJ93
181,        HEROZ Hammer Unisex Nylon 35 L Travel Laptop Backpack Water Resistant Slim Durable Fits Up to 17.3 Inch Laptop Notebook (Black)       ,"1,139.",4.2 out of 5 stars,"1,105 ratings",/sspa/click?ie=UTF8&spc=MToxMzAwNzcwMjYxMTQ5MzI3OjE2ODE5ODEzNTM6c3BfYXRmX25leHQ6MjAxMTM2NDg1ODYwOTg6OjA6Og&url=%2FHEROZ-Backpack-Resistant-Durable-Notebook%2Fdp%2FB09B7KC93T%2Fref%3Dsr_1_290_sspa%3Fcrid%3D2M096C61O4MLT%26keywords%3Dbags%26qid%3D1681981353%26sprefix%3Dba%252Caps%252C283%26sr%3D8-290-spons%26sp_csd%3Dd2lkZ2V0TmFtZT1zcF9hdGZfbmV4dA%26psc%3D1,ManufacturerAHCreation,ASINB09B7KC93T
182,        American Tourister BOUNCE CASUAL BACKPACK 28L POLYESTER RED       ,"1,199.",4.5 out of 5 stars,5 ratings,/American-Tourister-BOUNCE-BACKPACK-POLYESTER/dp/B0BLC9MQHW/ref=sr_1_291?crid=2M096C61O4MLT&keywords=bags&qid=1681981353&sprefix=ba%2Caps%2C283&sr=8-291,ManufacturerSamsoniteSouthAsiaPvtLtd,ASINB0BLC9MQHW
183,        Gear ECO1 24L Water Resistant Laptop Bag/Backpack/Office Bag for Men/Women- Grey-Black-Yellow       ,839,4.2 out of 5 stars,"1,426 ratings",/Gear-Polyester-Laptop-Backpack-LBPECONO10412/dp/B012NW0J30/ref=sr_1_292?crid=2M096C61O4MLT&keywords=bags&qid=1681981353&sprefix=ba%2Caps%2C283&sr=8-292,DateFirstAvailable27July2015,ManufacturerGearMerchandisePVTLTD
184,        Printed Water-resistant Drawstring Bag/ Diaper Bag/Tuition Bag/Baby Bags/Toy Bags/Carry Bag/ Multipurpose Backpack       ,359.,1.0 out of 5 stars,2 ratings,/Printed-Water-resistant-Drawstring-Multipurpose-Backpack/dp/B0B8DPYXW1/ref=sr_1_293?crid=2M096C61O4MLT&keywords=bags&qid=1681981353&sprefix=ba%2Caps%2C283&sr=8-293,ItemmodelnumberIKa2a,CountryofOriginIndia
185,        Trunkit High Water Resistance Trekking Hiking Travel Bag With Shoe Compartment Rucksack       ,559,4.0 out of 5 stars,70 ratings,/Trunkit-Resistance-Trekking-Compartment-Rucksack/dp/B09NRVW114/ref=sr_1_294?crid=2M096C61O4MLT&keywords=bags&qid=1681981353&sprefix=ba%2Caps%2C283&sr=8-294,ASINB09NRVW114,ItemmodelnumberBulkYellow
186,        PUMA 0 Ltrs puma black-asphalt School Backpack (7653506)       ,899.,3.8 out of 5 stars,198 ratings,/PUMA-Black-Asphalt-School-Backpack-7653506/dp/B07R5V2DGB/ref=sr_1_295?crid=2M096C61O4MLT&keywords=bags&qid=1681981353&sprefix=ba%2Caps%2C283&sr=8-295,ManufacturerSHILLAGLOVISVietnamCOLTD,ASINB07R5V2DGB
187,        Skybags Unisex Grey Jacqard 34L Laptop Bags       ,"1,155",4.0 out of 5 stars,26 ratings,/Skybags-Unisex-Grey-Jacqard-Laptop/dp/B09ZV9SLBJ/ref=sr_1_296?crid=2M096C61O4MLT&keywords=bags&qid=1681981353&sprefix=ba%2Caps%2C283&sr=8-296,ManufacturerVIPIndustriesLimitedDGPHouse88COldPrabhadeviRoadPrabhadeviMumbai400025India,ASINB09ZV9SLBJ
188,        Wooum 36 L Casual Water Resistance Laptop Bag/Backpack for Men Women Boys Girls/Office School College Teens & Students with 15.6 Inch Laptop Compartment 3 Compartment - Black       ,474.,4.0 out of 5 stars,39 ratings,/Wooum-Resistance-Backpack-Students-Compartment/dp/B0B5LPVBHR/ref=sr_1_297?crid=2M096C61O4MLT&keywords=bags&qid=1681981353&sprefix=ba%2Caps%2C283&sr=8-297,Manufacturerwooum,ASINB0B5LPVBHR
189,        Lavie Sport Chief 34 litres Business Laptop Bags | Premium Backpacks for Men & Women | Durable Office Bag for Notebook/MacBook       ,849.,4.7 out of 5 stars,14 ratings,/Lavie-Sport-Business-Backpacks-Notebook/dp/B0BTLY572N/ref=sr_1_298?crid=2M096C61O4MLT&keywords=bags&qid=1681981353&sprefix=ba%2Caps%2C283&sr=8-298,ManufacturerBagzoneLifestylePvtLtd,ASINB0BTLY572N
190,"        Half Moon 35L Water Resistant 15.6 inch Laptop Bag for Men/Backpack for Men, Navy Blue | Office Bag for Men/Office Bag for Women with Padded Laptop Compartment | Rain Cover & Reflective Strips       ",529,3.9 out of 5 stars,"15,574 ratings",/sspa/click?ie=UTF8&spc=MToxOTI3OTQ4NTExNTM4Mjk4OjE2ODE5ODEzNjM6c3BfYXRmX25leHQ6MjAxNDY1NDMwOTQ0OTg6OjA6Og&url=%2FHalf-Moon-Waterproof-Backpack-Students%2Fdp%2FB085MHDJ93%2Fref%3Dsr_1_305_sspa%3Fcrid%3D2M096C61O4MLT%26keywords%3Dbags%26qid%3D1681981363%26sprefix%3Dba%252Caps%252C283%26sr%3D8-305-spons%26sp_csd%3Dd2lkZ2V0TmFtZT1zcF9hdGZfbmV4dA%26psc%3D1,ManufacturerAmazingBags,ASINB085MHDJ93
191,,,,,/sspa/click?ie=UTF8&spc=MToxOTI3OTQ4NTExNTM4Mjk4OjE2ODE5ODEzNjM6c3BfYXRmX25leHQ6MjAxMzY4NDcxNTQwOTg6OjA6Og&url=%2FLOOKMUSTER-Waterproof-Backpack-College-Business%2Fdp%2FB0BZW8KW18%2Fref%3Dsr_1_306_sspa%3Fcrid%3D2M096C61O4MLT%26keywords%3Dbags%26qid%3D1681981363%26sprefix%3Dba%252Caps%252C283%26sr%3D8-306-spons%26sp_csd%3Dd2lkZ2V0TmFtZT1zcF9hdGZfbmV4dA%26psc%3D1,ManufacturerAmazingBags,ASINB085MHDJ93
192,        New Fashion Forever Waterproof Laptop Bag (Black and Orange) - Pack of 10       ,389,2.7 out of 5 stars,7 ratings,/New-Fashion-Forever-Backpack-Waterproof/dp/B07VVPF96L/ref=sr_1_307?crid=2M096C61O4MLT&keywords=bags&qid=1681981363&sprefix=ba%2Caps%2C283&sr=8-307,ASINB07VVPF96L,ItempartnumberBag_02
193,        Szeentp New Pattern Laptop Bag/Backpack Waterproof Black and Blue for School/College Guys       ,340.,3.5 out of 5 stars,10 ratings,/Pattern-Backpack-Waterproof-College-Szeentp/dp/B08ZJ7R8PZ/ref=sr_1_308?crid=2M096C61O4MLT&keywords=bags&qid=1681981363&sprefix=ba%2Caps%2C283&sr=8-308,ManufacturerSzeentp,ASINB08ZJ7R8PZ
194,"        MOKOBARA The Work Backpack 15.6"" Inch Laptop | Travel Backpack For Men And Women       ","6,499.",4.6 out of 5 stars,32 ratings,/sspa/click?ie=UTF8&spc=MToxOTI3OTQ4NTExNTM4Mjk4OjE2ODE5ODEzNjM6c3BfbXRmOjIwMDc4ODgzNDA4MDk4OjowOjo&url=%2FMokobara-Backpack-Leather-Resistant-Laptop%2Fdp%2FB0B7X8BYQJ%2Fref%3Dsr_1_309_sspa%3Fcrid%3D2M096C61O4MLT%26keywords%3Dbags%26qid%3D1681981363%26sprefix%3Dba%252Caps%252C283%26sr%3D8-309-spons%26sp_csd%3Dd2lkZ2V0TmFtZT1zcF9tdGY%26psc%3D1%26smid%3DA2ZJIE4OXD710M,ManufacturerDesignedByMokobaraLifestylePrivateLimited,ASINB0B7X8BYQJ
195,        HEROZ Hammer Unisex Nylon 35 L Travel Laptop Backpack Water Resistant Slim Durable Fits Up to 17.3 Inch Laptop Notebook (Black)       ,"1,139.",4.2 out of 5 stars,"1,105 ratings",/sspa/click?ie=UTF8&spc=MToxOTI3OTQ4NTExNTM4Mjk4OjE2ODE5ODEzNjM6c3BfbXRmOjIwMTEzNjQ4NTg2MDk4OjowOjo&url=%2FHEROZ-Backpack-Resistant-Durable-Notebook%2Fdp%2FB09B7KC93T%2Fref%3Dsr_1_310_sspa%3Fcrid%3D2M096C61O4MLT%26keywords%3Dbags%26qid%3D1681981363%26sprefix%3Dba%252Caps%252C283%26sr%3D8-310-spons%26sp_csd%3Dd2lkZ2V0TmFtZT1zcF9tdGY%26psc%3D1,ManufacturerAHCreation,ASINB09B7KC93T
196,        LOOKMUSTER Casual Waterproof Laptop Backpack/Office Bag/School Bag/College Bag/Business Bag/Travel Backpack       ,538.,4.0 out of 5 stars,15 ratings,/sspa/click?ie=UTF8&spc=MToxOTI3OTQ4NTExNTM4Mjk4OjE2ODE5ODEzNjM6c3BfYnRmOjIwMTM0NjUyMTE0NDk4OjowOjo&url=%2FLOOKMUSTER-Waterproof-Backpack-College-Business%2Fdp%2FB0BS6YHGX2%2Fref%3Dsr_1_311_sspa%3Fcrid%3D2M096C61O4MLT%26keywords%3Dbags%26qid%3D1681981363%26sprefix%3Dba%252Caps%252C283%26sr%3D8-311-spons%26sp_csd%3Dd2lkZ2V0TmFtZT1zcF9idGY%26psc%3D1,ManufacturerLookmuster,ASINB0BS6YHGX2
197,        LOOKMUSTER (15.6 inch 30 L Casual Waterproof Laptop Backpack/Office Bag/School Bag/College Bag/Business Bag/Unisex Travel Backpack       ,599,3.7 out of 5 stars,4 ratings,/sspa/click?ie=UTF8&spc=MToxOTI3OTQ4NTExNTM4Mjk4OjE2ODE5ODEzNjM6c3BfYnRmOjIwMTI5MzYwNDEyODk4OjowOjo&url=%2FCasual-Waterproof-Backpack-College-Business%2Fdp%2FB09WJ16LPN%2Fref%3Dsr_1_312_sspa%3Fcrid%3D2M096C61O4MLT%26keywords%3Dbags%26qid%3D1681981363%26sprefix%3Dba%252Caps%252C283%26sr%3D8-312-spons%26sp_csd%3Dd2lkZ2V0TmFtZT1zcF9idGY%26psc%3D1,ManufacturerABUGROUPOFINDUSTRIES,ASINB09WJ16LPN
